チーム,背番号,選手,生年月日,ポジション,投打,出身,年俸,,,年齢,,2026,中日,横浜,巨人,阪神,ヤクルト,広島,ソフトバンク,日本ハム,楽天,西武,ロッテ,オリックス,OB,,パワプロ
阪神,5,近本 光司,1994.11.09,外野手,,,"50,000",1994,11,32,11,,M.サノー,J.デュプランティエ,R.マルティネス,近本 光司,山田 哲人,大瀬良 大地,R.オスナ,有原 航平,浅村 栄斗,源田 壮亮,G.ポランコ,西川 龍馬,村山 実,,
阪神,8,佐藤 輝明,1999.03.13,内野手,,,"45,000",1999,03,27,03,,柳 裕也,筒香 嘉智,坂本 勇人,佐藤 輝明,D.サンタナ,森下 暢仁,L.モイネロ,F.レイエス,L.ボイト,T.ネビン,N.ソト,森 友哉,江夏 豊,,
阪神,3,大山 悠輔,1994.12.19,内野手,,,"34,000",1994,12,32,12,,髙橋 宏斗,山﨑 康晃,則本 昂大,大山 悠輔,J.オスナ,S.ファビアン,C.スチュワート・ジュニア,伊藤 大海,前田 健太,平良 海馬,A.ジャクソン,A.マチャド,井川 慶,,
阪神,16,西 勇輝,1990.11.10,投手,,,"30,000",1990,11,36,11,,大野 雄大,東 克樹,甲斐 拓也,西 勇輝,田口 麗斗,床田 寛樹,近藤 健介,加藤 貴之,J.ウレーニャ,髙橋 光成,中村 奨吾,A.エスピノーザ,藪 恵壹,,
阪神,7,中野 拓夢,1996.06.28,内野手,,,"30,000",1996,06,30,06,,J.ボスラー,牧 秀悟,T.キャベッジ,中野 拓夢,中村 悠平,栗林 良吏,徐 若熙,山﨑 福也,岸 孝之,外崎 修汰,S.ロング,宮城 大弥,小林 繁,,
阪神,35,才木 浩人,1998.11.07,投手,,,"25,000",1998,11,28,11,,アブレウ,宮﨑 敏郎,戸郷 翔征,才木 浩人,J.キハダ,菊池 涼介,山川 穂高,A.マルティネス,辰己 涼介,隅田 知一郎,J.カスティーヨ,若月 健矢,藤浪 晋太郎,,
阪神,41,村上 頌樹,1998.06.25,投手,,,"23,000",1998,06,28,06,,岡林 勇希,佐野 恵太,丸 佳浩,村上 頌樹,石山 泰稚,F.ターノック,周東 佑京,万波 中正,O.ゴンザレス,T.ウィンゲンター,石川 柊太,九里 亜蓮,能見 篤史,,
阪神,1,森下 翔太,2000.08.14,外野手,,,"21,000",2000,08,26,08,,細川 成也,J.ルイーズ,吉川 尚輝,森下 翔太,J.リランソ,小園 海斗,柳田 悠岐,清宮 幸太郎,R.コントレラス,林 安可,西野 勇士,S.ジェリー,久保田 智之,,
阪神,13,岩崎 優,1991.06.19,投手,,,"20,000",1991,06,35,06,,清水 達也,A.コックス,F.ウィットリー,岩崎 優,大西 広樹,坂倉 将吾,上沢 直之,R.カストロ,C.マッカスカー,A.カナリオ,小島 和哉,B.シーモア,小山 正明,,
阪神,69,石井 大智,1997.07.29,投手,,,"20,000",1997,07,29,07,,松山 晋也,伊勢 大夢,山﨑 伊織,石井 大智,小川 泰弘,秋山 翔吾,D.ヘルナンデス,S.ラオ,鈴木 大地,E.ラミレス,種市 篤暉,L.ペルドモ,遠山 奬志,,
阪神,42,E.ルーカス,1996.09.23,投手,,,"18,840",1996,09,30,09,,藤嶋 健人,S.レイノルズ,大勢,E.ルーカス,N.ウォルターズ,島内 颯太郎,今宮 健太,郡司 裕也,村林 一輝,桑原 将志,益田 直也,田嶋 大樹,ウィリアムス,,
阪神,99,D.モレッタ,1996.04.15,投手,,,"15,600",1996,04,30,04,,H.メヒア,C.ヒュンメル,大城 卓三,D.モレッタ,清水 昇,E.モンテロ,松本 裕樹,田中 正義,宋 家豪,A.ワイナンス,藤岡 裕大,中川 圭太,藤川 球児,,
阪神,27,伊藤 将司,1996.05.08,投手,,,"14,000",1996,05,30,05,,松葉 貴大,森原 康平,高梨 雄平,伊藤 将司,吉村 貢司郎,森浦 大輔,大関 友久,北山 亘基,鈴木 翔天,中村 剛也,藤原 恭大,紅林 弘太郎,田淵 幸一,,
阪神,24,C.ディベイニー,1997.04.13,内野手,,,"13,950",1997,04,29,04,,K.マラー,D.ビシエド,A.バルドナード,C.ディベイニー,長岡 秀樹,野間 峻祥,牧原 大成,河野 竜生,小深田 大翔,甲斐野 央,佐藤 都志也,頓宮 裕真,バース,,
阪神,21,大竹 耕太郎,1995.06.29,投手,,,"13,000",1995,06,31,06,,O.カリステ,石田 健大,中川 皓太,大竹 耕太郎,茂木 栄五郎,中﨑 翔太,栗原 陵矢,古林 睿煬,辛島 航,古賀 悠斗,岡 大海,山岡 泰輔,岡田 彰布,,
阪神,46,C.ラグズデール,1998.05.25,投手,,,"12,580",1998,05,28,05,,涌井 秀章,藤浪 晋太郎,B.ダルベック,C.ラグズデール,木澤 尚文,末包 昇大,中村 晃,玉井 大翔,酒居 知史,栗山 巧,田村 龍弘,杉本 裕太郎,掛布 雅之,,
阪神,2,梅野 隆太郎,1991.06.17,捕手,,,"12,000",1991,06,35,06,,木下 拓哉,戸柱 恭孝,S.ハワード,梅野 隆太郎,星 知弥,會澤 翼,藤井 皓哉,宮西 尚生,藤平 尚真,西川 愛也,角中 勝也,太田 椋,鳥谷 敬,,
阪神,98,R.ドリス,1988.01.10,投手,,,"10,000",1988,01,38,01,,大島 洋平,山本 祐大,松本 剛,R.ドリス,矢崎 拓也,堂林 翔太,東浜 巨,杉浦 稔大,小郷 裕哉,渡邉 勇太朗,横山 陸人,岩嵜 翔,金本 知憲,,
阪神,17,伏見 寅威,1990.05.12,捕手,,,"10,000",1990,05,36,05,,高橋 周平,大貫 晋一,田中 将大,伏見 寅威,青柳 晃洋,矢野 雅哉,柳町 達,野村 佑希,早川 隆久,炭谷 銀仁朗,鈴木 昭汰,宗 佑磨,赤星 憲広,,
阪神,14,岩貞 祐太,1991.09.05,投手,,,"10,000",1991,09,35,09,,齋藤 綱記,京田 陽太,B.マタ,岩貞 祐太,高橋 奎二,森 翔平,杉山 一樹,齋藤 友貴哉,太田 光,石井 一成,髙部 瑛斗,平野 佳寿,真弓 明信,,
阪神,12,坂本 誠志郎,1993.11.10,捕手,,,"10,000",1993,11,33,11,,上林 誠知,入江 大生,船迫 大雅,坂本 誠志郎,内山 壮真,塹江 敦哉,嶺井 博希,池田 隆英,伊藤 光,與座 海人,唐川 侑己,山田 修義,今岡 誠,,
阪神,37,及川 雅貴,2001.04.18,投手,,,"10,000",2001,04,25,04,,橋本 侑樹,三森 大貴,岸田 行倫,及川 雅貴,高梨 裕稔,玉村 昇悟,J.ダウンズ,田宮 裕涼,西口 直人,松本 航,安田 尚憲,曽谷 龍平,矢野 輝弘,,
阪神,47,桐敷 拓馬,1999.06.20,投手,,,"8,500",1999,06,27,06,,田中 幹也,蝦名 達夫,泉口 友汰,桐敷 拓馬,塩見 泰隆,大盛 穂,大津 亮介,水野 達稀,藤井 聖,ボー・タカハシ,小野 郁,西野 真弘,藤田 平,,
阪神,65,湯浅 京己,1999.07.17,投手,,,"6,000",1999,07,27,07,,山本 泰寛,坂本 裕哉,赤星 優志,湯浅 京己,荘司 宏太,羽月 隆太郎,津森 宥紀,水谷 瞬,内 星龍,武内 夏暉,西川 史礁,山﨑 颯一郎,和田 豊,,
阪神,33,糸原 健斗,1992.11.11,内野手,,,"5,500",1992,11,34,11,,勝野 昌慶,関根 大気,田中 瑛斗,糸原 健斗,小澤 怜史,鈴木 健矢,海野 隆司,上原 健太,瀧中 瞭太,佐藤 隼輔,友杉 篤輝,廣岡 大志,藤村 富美男,,
阪神,0,木浪 聖也,1994.06.15,内野手,,,"5,500",1994,06,32,06,,福 敬登,柴田 竜拓,小林 誠司,木浪 聖也,石川 雅規,中村 奨成,野村 勇,金村 尚真,荘司 康誠,長谷川 信哉,高野 脩汰,大城 滉二,吉田 義男,,
阪神,38,小幡 竜平,2000.09.21,内野手,,,"4,000",2000,09,26,09,,宇佐見 真吾,神里 和毅,門脇 誠,小幡 竜平,奥川 恭伸,アドゥワ 誠,川瀬 晃,福谷 浩司,宗山 塁,滝澤 夏央,坂本 光士郎,阿部 翔太,八木 裕,,
阪神,18,伊原 陵人,2000.08.07,投手,,,"3,600",2000,08,26,08,,村松 開人,度会 隆輝,井上 温大,伊原 陵人,古賀 優大,黒原 拓未,松本 晴,達 孝太,古謝 樹,渡部 聖弥,山口 航輝,山下 舜平大,川藤 幸三,,
阪神,58,前川 右京,2003.05.18,外野手,,,"3,100",2003,05,23,05,,福永 裕基,佐々木 千隼,中山 礼都,前川 右京,宮本 丈,石原 貴規,上茶谷 大河,島本 浩也,西垣 雅矢,山田 陽翔,小川 龍成,宇田川 優希,桧山 進次郎,,
阪神,29,髙橋 遥人,1995.11.07,投手,,,"3,000",1995,11,31,11,,石伊 雄太,林 琢真,石川 達也,髙橋 遥人,岩田 幸宏,岡本 駿,尾形 崇斗,五十幡 亮汰,中島 大輔,黒木 優太,中森 俊介,才木 海翔,北別府 学,,
阪神,4,熊谷 敬宥,1995.11.10,内野手,,,"3,000",1995,11,31,11,,梅野 雄吾,平良 拳太郎,泉 圭輔,熊谷 敬宥,山野 太一,遠藤 淳志,大江 竜聖,上川畑 大悟,渡辺 翔太,山村 崇嘉,愛斗,吉田 輝星,川口 和久,,
阪神,53,島田 海吏,1996.02.06,外野手,,,"3,000",1996,02,30,02,,金丸 夢斗,石田 裕太郎,若林 楽人,島田 海吏,丸山 和郁,髙 太一,正木 智也,柳川 大晟,加治屋 蓮,岸 潤一郎,石川 慎吾,古田島 成龍,大野 豊,,
阪神,62,植田 海,1996.04.19,内野手,,,"2,500",1996,04,30,04,,石川 昂弥,浜地 真澄,横川 凱,植田 海,赤羽 由紘,佐々木 泰,秋広 優人,山本 拓実,今野 龍太,蛭間 拓哉,田中 晴也,髙島 泰都,黒田 博樹,,
阪神,50,富田 蓮,2001.09.06,投手,,,"2,500",2001,09,25,09,,加藤 匠馬,梶原 昂希,増田 大輝,富田 蓮,松本 健吾,ケムナ 誠,緒方 理貢,生田目 翼,黒川 史陽,中村 祐太,寺地 隆成,小木田 敦也,佐々岡 真司,,
阪神,36,畠 世周,1994.05.31,投手,,,"2,000",1994,05,32,05,,板山 祐太郎,中川 虎大,平内 龍太,畠 世周,大道 温貴,平川 蓮,谷川原 健太,福島 蓮,田中 和基,柘植 世那,和田 康士朗,麦谷 祐介,前田 健太,,
阪神,67,髙寺 望夢,2002.10.17,内野手,,,"2,000",2002,10,24,10,,ブライト 健太,松尾 汐恩,西舘 勇陽,髙寺 望夢,松本 直樹,高橋 昂也,中村 稔弥,淺間 大基,渡邊 佳明,小島 大河,池田 来翔,博志,外木場 義郎,,
阪神,64,岡留 英貴,1999.11.07,投手,,,"1,900",1999,11,27,11,,中西 聖輝,森 敬斗,リチャード,岡留 英貴,中村 優斗,常廣 羽也斗,大山 凌,堀 瑞輝,佐藤 直樹,森脇 亮介,菊地 吏玖,平沼 翔太,永川 勝浩,,
阪神,32,濱田 太貴,2000.09.04,外野手,,,"1,600",2000,09,26,09,,阿部 寿樹,竹田 祐,増田 陸,濱田 太貴,並木 秀尊,二俣 翔一,川村 友斗,矢澤 宏太,伊藤 裕季也,佐々木 健,上田 希由翔,本田 仁海,小林 幹英,,
阪神,9,立石 正広,2003.11.01,内野手,,,"1,600",2003,11,23,11,,C.ロドリゲス,颯,佐々木 俊輔,立石 正広,増田 珠,林 晃汰,前田 純,中島 卓也,石原 彪,平沢 大河,木村 優人,大里 昂生,横山 竜士,,
阪神,60,小野寺 暖,1998.03.17,外野手,,,"1,500",1998,03,28,03,,川越 誠司,小田 康一郎,浅野 翔吾,小野寺 暖,松下 歩叶,佐藤 柳之介,長谷川 威展,奈良間 大己,藤原 聡大,児玉 亮涼,澤田 圭佑,東 晃平,津田 恒実,,
阪神,120,西 純矢,2001.09.13,外野手,,,"1,500",2001,09,25,09,,土田 龍空,石上 泰輝,萩尾 匡也,西 純矢,武岡 龍世,齊藤 汰直,渡邉 陸,西川 遥輝,堀内 謙伍,茶野 篤政,東妻 勇輔,来田 涼斗,達川 光男,,
阪神,57,長坂 拳弥,1994.04.28,捕手,,,"1,200",1994,04,32,04,,櫻井 頼之介,宮城 滝太,竹丸 和幸,長坂 拳弥,伊藤 琉偉,松本 竜也,廣瀨 隆太,清水 優心,津留﨑 大成,菅井 信也,八木 彬,野口 智哉,新井 貴浩,,
阪神,0,元山 飛優,1998.12.04,内野手,,,"1,200",1998,12,28,12,,吉田 聖弥,馬場 皐輔,森田 駿哉,元山 飛優,北村 恵吾,益田 武尚,岩井 俊介,菊地 大稀,江原 雅裕,上田 大河,茶谷 健太,福永 奨,菊池 涼介,,
阪神,54,木下 里都,2001.01.27,投手,,,"1,200",2001,01,25,01,,草加 勝,篠木 健太郎,堀田 賢慎,木下 里都,丸山 翔大,滝田 一希,木村 光,細野 晴希,YG安田,岩城 颯空,山本 大斗,渡部 遼人,衣笠 祥雄,,
阪神,25,谷端 将伍,2004.03.17,内野手,,,"1,200",2004,03,22,03,,石橋 康太,島田 舜也,湯浅 大,谷端 将伍,阪口 皓亮,勝田 成,庄子 雄大,今川 優馬,田中 千晴,高橋 礼,石垣 元気,川瀬 堅斗,野村 謙二郎,,
阪神,30,門別 啓人,2004.07.10,投手,,,"1,200",2004,07,22,07,,鵜飼 航丞,吉野 光樹,板東 湧梧,門別 啓人,松川 玲央,田村 俊介,稲川 竜汰,L.リン,武藤 敦貴,仲田 慶介,宮崎 竜成,片山 楽生,山本 浩二,,
阪神,61,豊田 寛,1997.04.28,外野手,,,"1,130",1997,04,29,04,,根尾 昂,H.マルセリーノ,北浦 竜次,豊田 寛,山野辺 翔,長谷部 銀次,鈴木 豪太,山縣 秀,伊藤 樹,青山 美夏人,松川 虎生,石川 亮,鈴木 誠也,,
阪神,19,下村 海翔,2002.03.27,投手,,,"1,100",2002,03,24,03,,知野 直人,片山 皓心,浦田 俊輔,下村 海翔,西舘 昂汰,工藤 泰己,前田 悠伍,根本 悠楓,中込 陽翔,野村 大樹,廣畑 敦也,横山 楓,前田 智徳,,
阪神,39,榮枝 裕貴,1998.05.16,捕手,,,"1,000",1998,05,28,05,,伊藤 茉央,松本 凌人,石塚 裕惺,榮枝 裕貴,柿沼 友哉,辻 大雅,生海,大川 慈英,德山 一翔,秋山 俊,廣池 康志郎,椋木 蓮,西山 秀二,,
阪神,26,椎葉 剛,2002.03.18,投手,,,"1,000",2002,03,24,03,,R.マルティネス,井上 絢登,荒巻 悠,椎葉 剛,増居 翔太,中村 貴浩,澤柳 亮太郎,吉田 賢吾,繁永 晟,糸川 亮太,河村 説人,寺西 成騎,栗原 健太,,
阪神,68,中川 勇斗,2004.01.27,捕手,,,"1,000",2004,01,22,01,,篠﨑 国忠,宮下 朝陽,田和 廉,中川 勇斗,澤井 廉,久保 修,L.ロドリゲス,進藤 勇也,柴田 大地,髙松 渡,毛利 海大,富山 凌雅,正田 耕三,,
阪神,34,岡城 快生,2003.06.23,外野手,,,960,2003,06,23,06,,辻本 倫太郎,成瀬 脩人,E.ルシアーノ,岡城 快生,長谷川 宙輝,佐藤 啓介,髙橋 隆慶,細川 凌平,九谷 瑠,羽田 慎之介,山﨑 剛,入山 海斗,江藤 智,,
阪神,63,石黒 佑弥,2001.06.20,投手,,,900,2001,06,25,06,,近藤 廉,若松 尚輝,山瀬 慎之助,石黒 佑弥,下川 隼佑,渡邉 悠斗,笹川 吉康,エドポロ ケイン,田中 貴也,牧野 翔矢,本前 郁也,山中 稜真,髙橋 慶彦,,
阪神,49,工藤 泰成,2001.11.19,投手,,,840,2001,11,25,11,,三浦 瑞樹,古市 尊,小濱 佑斗,工藤 泰成,山崎 太陽,前川 誠太,相良 雅斗,浅利 太門,小森 航大郎,齋藤 大翔,立松 由宇,元 謙太,嶋 重宣,,
阪神,45,佐野 大陽,2002.02.14,内野手,,,730,2002,02,24,02,,仲地 礼亜,加藤 響,宮原 駿介,佐野 大陽,飯田 琉斗,赤木 晴哉,A.アルメンタ,大塚 瑠晏,平良 竜哉,村田 怜音,井上 広大,齋藤 響介,緒方 孝市,,
阪神,43,町田 隼乙,2003.04.03,捕手,,,730,2003,04,23,04,,松木平 優太,堀岡 隼人,皆川 岳飛,町田 隼乙,石原 勇輝,斉藤 優汰,D.サルディ,宮崎 一樹,吉野 創士,林 冠臣,冨士 隼斗,杉澤 龍,山崎 隆造,,
阪神,51,早川 太貴,1999.12.18,投手,,,720,1999,12,27,12,,尾田 剛樹,坂口 翔颯,山城 京平,早川 太貴,石井 巧,河野 佳,Ｊ.オスーナ,柴田 獅子,林 優樹,堀越 啓太,一條 力真,佐藤 一磨,平松 政次,,
阪神,66,津田 淳哉,2001.08.27,投手,,,720,2001,08,25,08,,樋口 正修,小園 健太,又木 鉄平,津田 淳哉,矢野 泰二郎,髙木 快大,D.アルモンテ,梅林 優貴,泰 勝利,横田 蒼和,大谷 輝龍,藤川 敦也,三浦 大輔,,
阪神,28,今朝丸 裕喜,2006.06.02,投手,,,720,2006,06,20,06,,花田 旭,九鬼 隆平,山田 龍聖,今朝丸 裕喜,西村 瑠伊斗,内田 湘大,安德 駿,福田 俊,吉納 翼,宮澤 太成,石垣 雅海,権田 琉成,秋山 登,,
阪神,40,井坪 陽生,2005.03.17,外野手,,,700,2005,03,21,03,,新保 茉良,濱 将乃介,岡田 悠希,井坪 陽生,橋本 星哉,持丸 泰輝,井上 朋也,宮内 春輝,松田 啄磨,浜屋 将太,大聖,東山 玲士,斉藤 明夫,,
阪神,55,能登 嵩都,2001.09.29,投手,,,660,2001,09,25,09,,福田 幸之介,橋本 達弥,郡 拓也,能登 嵩都,田中 陽翔,清水 叶人,伊藤 優輔,山城 航太郎,阪上 翔也,豆田 泰志,早坂 響,髙谷 舟,遠藤 一彦,,
阪神,122,小川 一平,1997.06.03,投手,,,650,1997,06,29,06,,森 駿太,勝又 温史,松浦 慶斗,小川 一平,モイセエフ ニキータ,菊地 ハルン,山本 恵大,畔柳 亨丞,坂井 陽翔,古川 雄大,宮﨑 颯,池田 陵真,野村 弘樹,,
阪神,52,山田 脩也,2005.08.20,内野手,,,600,2005,08,21,08,,味谷 大誠,東妻 純平,松井 颯,山田 脩也,沼田 翔平,髙木 翔斗,石塚 綜一郎,藤田 琉生,日當 直喜,黒田 将矢,植田 将太,窪田 洋祐,盛田 幸妃,,
阪神,48,茨木 秀俊,2004.06.08,投手,,,550,2004,06,22,06,,能戸 輝夢,西巻 賢二,代木 大和,茨木 秀俊,鈴木 叶,仲田 侑仁,岩崎 峻典,有薗 直輝,入江 大樹,古賀 輝希,坂井 遼,森 陽樹,木塚 敦志,,
阪神,59,藤田 健斗,2001.10.18,捕手,,,540,2001,10,25,10,,有馬 惠叶,岩田 将貴,喜多 隆介,藤田 健斗,坂本 拓己,辰見 鴻之介,イヒネ イツア,清宮 虎多朗,陽 柏翔,川田 悠慎,奥村 頼人,東松 快征,川村 丈夫,,
阪神,56,百﨑 蒼生,2005.09.11,内野手,,,500,2005,09,21,09,,高橋 幸佑,益子 京右,笹原 操希,百﨑 蒼生,翔聖,日髙 暖己,村上 泰斗,松岡 洸希,ワォーターズ 璃海ジュミル,杉山 遙希,櫻井 ユウヤ,横山 聖哉,山口 俊,,
阪神,121,戸井 零士,2005.01.18,内野手,,,480,2005,01,21,01,,福元 悠真,松本 隆之介,石田 充冴,戸井 零士,鈴木 蓮吾,西川 篤夢,村田 賢一,孫 易磊,大内 誠弥,篠原 響,森 遼大朗,陳 睦衡,斎藤 隆,,
阪神,44,早瀬 朔,2007.08.30,投手,,,480,2007,08,19,08,,津田 啓史,武田 陸玖,J.ティマ,早瀬 朔,モンテル,名原 典彦,田上 奏大,阪口 樂,大栄 利哉,狩生 聖真,中村 亮太,内藤 鵬,佐々木 主浩,,
阪神,125,伊藤 稜,1999.11.08,投手,,,350,1999,11,27,11,,森山 暁生,森下 瑠大,川原田 純平,伊藤 稜,佐藤 琢磨,杉田 健,大野 稼頭央,安西 叶翔,伊藤 大晟,仲三河 優太,S.アセベド,河内 康介,谷繁 元信,,
阪神,123,松原 快,1999.08.24,投手,,,300,1999,08,27,08,,梅津 晃大,田内 真翔,藤井 健翔,松原 快,中川 拓真,安竹 俊喜,藤田 悠太郎,星野 ひので,前田 銀治,成田 晴風,秋山 正雲,堀 柊那,松原 誠,,
阪神,132,A.マルティネス,2000.01.10,投手,,,300,2000,01,26,01,,森 博人,深沢 鳳介,石田 隼都,A.マルティネス,竹山 日向,杉原 望来,大竹 風雅,明瀬 諒介,青野 拓海,奥村 光一,金田 優太,山口 廉王,ローズ,,
阪神,134,S.コンスエグラ,2000.09.24,外野手,,,300,2000,09,26,09,,土生 翔太,上甲 凌大,三塚 琉生,S.コンスエグラ,廣澤 優,N.ロベルト,川口 冬弥,清水 大暉,水上 桂,佐藤 太陽,吉川 悠斗,宜保 翔,村田 修一,,
阪神,130,川﨑 俊哲,2001.05.02,内野手,,,300,2001,05,25,05,,山浅 龍之介,庄司 陽斗,黃 錦豪,川﨑 俊哲,西濱 勇星,岸本 大希,木村 大成,半田 南十,古賀 康誠,野田 海人,岡村 了樹,前 佑囲斗,石井 琢朗,,
阪神,126,福島 圭音,2001.10.06,外野手,,,300,1992,10,34,10,,川上 理偉,近藤 大雅,鈴木 大和,福島 圭音,髙野 颯太,M.ラミレス,牧原 巧汰,藤森 海斗,蕭 齊,龍山 暖,長島 幸佑,遠藤 成,鈴木 尚典,,
阪神,133,J.アルナエス,2002.08.22,内野手,,,300,2002,08,24,08,,牧野 憲伸,清水 麻成,舟越 秀虎,J.アルナエス,根岸 辰昇,小林 結太,石見 颯真,松本 遼大,島原 大河,上間 永遠,杉山 諒,佐藤 龍月,近藤 和彦,,
阪神,129,山﨑 照英,2002.12.01,外野手,,,300,2002,12,24,12,,三上 愛介,小笠原 蒼,京本 眞,山﨑 照英,澤野 聖悠,小船 翼,宇野 真仁朗,山口 アタル,中沢 匠磨,三浦 大輝,永島田 輝斗,香月 一也,金城 龍彦,,
阪神,127,神宮 僚介,2003.05.27,投手,,,300,2003,05,23,05,,日渡 騰輝,高見澤 郁魅,宇都宮 葵星,神宮 僚介,松本 龍之介,竹下 海斗,大友 宗,藤田 大清,金子 京介,是澤 涼輔,髙野 光海,野上 士耀,内川 聖一,,
阪神,85,嶋村 麟士朗,2003.07.13,捕手,,,300,2003,07,23,07,,中村 奈一輝,吉岡 暖,坂本 達也,嶋村 麟士朗,小宮 悠瞳,D.アリア,大泉 周也,横山 永遠,大坪 梓恩,シンクレア,勝又 琉偉,宮國 凌空,相川 亮二,,
巨人,92,R.マルティネス,1996.10.11,投手,,,"120,000",1996,10,30,10,,井上 剣也,金渕 光希,花田 侑樹,,,,重松 凱人,常谷 拓輝,幌村 黛汰,J.ゴンザレス,富山 紘之進,河野 聡太,,,
巨人,6,坂本 勇人,1988.12.14,内野手,,,"30,000",1988,12,38,12,,石川 大峨,小針 大輝,中田 歩夢,,,,西尾 歩真,濵田 泰希,岸本 佑也,正木 悠馬,武内 涼太,村上 喬一朗,駒田 徳広,,
巨人,43,則本 昂大,1990.12.17,投手,,,"30,000",1990,12,36,12,,,清水 詩太,園田 純規,,,,鈴木 貴大,加藤 大和,,安藤 銀杜,藤田 和樹,寿賀 弘都,高木 豊,,
巨人,10,甲斐 拓也,1992.11.05,捕手,,,"30,000",1992,11,34,11,,,,富田 龍,,,,宮里 優吾,澁谷 純希,,佐藤 爽,松石 信八,芦田 丈飛,田代 富雄,,
巨人,13,T.キャベッジ,1997.05.03,外野手,,,"25,000",1997,05,29,05,,,,木下 幹也,,,,岡田 皓一朗,川勝 空人,,斎藤 佳紳,髙橋 快秀,田島 光祐,山下 大輔,,
巨人,20,戸郷 翔征,2000.04.04,投手,,,"24,000",2000,04,26,04,,,,田村 朋輝,,,,相原 雄太,,,平口 寛人,茨木 佑太,寺本 聖一,筒香 嘉智,,
巨人,8,丸 佳浩,1989.04.11,外野手,,,"20,000",1989,04,37,04,,,,知念 大成,,,,漁府 輝羽,,,R.オリバー,谷村 剛,清水 武蔵,屋鋪 要,,
巨人,2,吉川 尚輝,1995.02.08,内野手,,,"20,000",1995,02,31,02,,,,冨重 英二郎,,,,大矢 琉晟,,,J.コルニエル,中山 優人,乾 健斗,加藤 博一,,
巨人,26,F.ウィットリー,1997.09.15,投手,,,"20,000",1997,09,29,09,,,,林 燦,,,,北斗,,,フレッド,C.ラドニー,今坂 幸暉,堀内 恒夫,,
巨人,19,山﨑 伊織,1998.10.10,投手,,,"18,000",1998,10,28,10,,,,河野 優作,,,,張 峻瑋,,,カルロス,,上原 堆我,江川 卓,,
巨人,15,大勢,1999.06.29,投手,,,"18,000",1999,06,27,06,,,,亀田 啓太,,,,桑原 秀侍,,,金子 功児,,マシュー,上原 浩治,,
巨人,24,大城 卓三,1993.02.11,捕手,,,"16,000",1993,02,33,02,,,,平山 功太,,,,藤野 恵音,,,ムサ,,三方 陽登,斎藤 雅樹,,
巨人,53,高梨 雄平,1992.07.13,投手,,,"15,000",1992,07,34,07,,,,相澤 白虎,,,,山崎 琢磨,,,谷口 朝陽,,渡邉 一生,槙原 寛己,,
巨人,49,A.バルドナード,1993.02.01,投手,,,"15,000",1993,02,33,02,,,,森本 哲星,,,,ハモンド,,,川下 将勲,,中西 創大,桑田 真澄,,
巨人,41,中川 皓太,1994.02.24,投手,,,"15,000",1994,02,32,02,,,,吉村 優聖歩,,,,井﨑 燦志郎,,,木瀬 翔太,,,山口 鉄也,,
巨人,29,B.ダルベック,1995.06.29,内野手,,,"15,000",1995,06,31,06,,,,堀江 正太郎,,,,佐藤 航太,,,福尾 遥真,,,鹿取 義隆,,
巨人,28,S.ハワード,1996.07.28,投手,,,"15,000",1996,07,30,07,,,,西川 歩,,,,盛島 稜大,,,ラマル,,,角 三男,,
巨人,9,松本 剛,1993.08.11,外野手,,,"11,000",1993,08,33,08,,,,北村 流音,,,,山下 恭吾,,,オケム,,,岡島 秀樹,,
巨人,11,田中 将大,1988.11.01,投手,,,"10,000",1988,11,38,11,,,,田上 優弥,,,,岡植 純平,,,澤田 遥斗,,,水野 雄仁,,
巨人,42,B.マタ,1999.05.03,投手,,,"10,000",1999,05,27,05,,,,村山 源,,,,内野 海斗,,,冨士 大和,,,西村 健太朗,,
巨人,58,船迫 大雅,1996.10.16,投手,,,"9,000",1996,10,30,10,,,,竹下 徠空,,,,佐々木 明都,,,今岡 拓夢,,,阿部 慎之助,,
巨人,27,岸田 行倫,1996.10.10,捕手,,,"7,000",1996,10,30,10,,,,吹田 志道,,,,飛田 悠成,,,濱岡 蒼太,,,王 貞治,,
巨人,35,泉口 友汰,1999.05.17,内野手,,,"5,900",1999,05,27,05,,,,C.フェリス,,,,中澤 恒貴,,,新井 唯斗,,,篠塚 利夫,,
巨人,31,赤星 優志,1999.07.02,投手,,,"4,800",1999,07,27,07,,,,千葉 隆広,,,,長水 啓眞,,,,,,長嶋 茂雄,,
巨人,45,田中 瑛斗,1999.07.13,投手,,,"4,650",1999,07,27,07,,,,鈴木 圭晋,,,,佐倉 俠史朗,,,,,,坂本 勇人,,
巨人,22,小林 誠司,1989.06.07,捕手,,,"4,000",1989,06,37,06,,,,F.グズマン,,,,藤原 大翔,,,,,,清水 隆行,,
巨人,5,門脇 誠,2001.01.24,内野手,,,"4,000",2001,01,25,01,,,,松井 蓮太朗,,,,塩士 暖,,,,,,松井 秀喜,,
巨人,97,井上 温大,2001.05.13,投手,,,"3,800",2001,05,25,05,,,,,,,,ザイレン,,,,,,高橋 由伸,,
巨人,40,中山 礼都,2002.04.12,外野手,,,"3,800",2002,04,24,04,,,,,,,,津嘉山 憲志郎,,,,,,原 辰徳,,
巨人,65,石川 達也,1998.04.15,投手,,,"3,650",1998,04,28,04,,,,,,,,木下 勇人,,,,,,森 昌彦,,
巨人,63,泉 圭輔,1997.03.02,投手,,,"3,500",1997,03,29,03,,,,,,,,河野 伸一朗,,,,,,川上 哲治,,
巨人,59,若林 楽人,1998.04.13,外野手,,,"3,250",1998,04,28,04,,,,,,,,熊谷 太雅,,,,,,仁志 敏久,,
巨人,62,横川 凱,2000.08.30,投手,,,"3,000",2000,08,26,08,,,,,,,,広瀬 結煌,,,,,,中畑 清,,
巨人,0,増田 大輝,1993.07.29,内野手,,,"2,700",1993,07,33,07,,,,,,,,池田 栞太,,,,,,二岡 智宏,,
巨人,66,平内 龍太,1998.08.01,投手,,,"2,700",1998,08,28,08,,,,,,,,長﨑 蓮汰,,,,,,ラミレス,,
巨人,17,西舘 勇陽,2002.03.11,投手,,,"2,700",2002,03,24,03,,,,,,,,大橋 令和,,,,,,柴田 勲,,
巨人,52,リチャード,1999.06.18,内野手,,,"2,600",1999,06,27,06,,,,,,,,江崎 歩,,,,,,吉村 禎章,,
巨人,61,増田 陸,2000.06.17,内野手,,,"2,600",2000,06,26,06,,,,,,,,エミール,,,,,,金田 正一,,
巨人,44,佐々木 俊輔,1999.11.06,外野手,,,"2,300",1999,11,27,11,,,,,,,,J.モレノ,,,,,,松岡 弘,,
巨人,51,浅野 翔吾,2004.11.24,外野手,,,"1,700",2004,11,22,11,,,,,,,,,,,,,,石井 一久,,
巨人,12,萩尾 匡也,2000.12.28,外野手,,,"1,600",2000,12,26,12,,,,,,,,,,,,,,伊藤 智仁,,
巨人,21,竹丸 和幸,2002.02.26,投手,,,"1,600",2002,02,24,02,,,,,,,,,,,,,,安田 猛,,
巨人,47,森田 駿哉,1997.02.11,投手,,,"1,500",1997,02,29,02,,,,,,,,,,,,,,石川 雅規,,
巨人,91,堀田 賢慎,2001.05.21,投手,,,"1,500",2001,05,25,05,,,,,,,,,,,,,,五十嵐 亮太,,
巨人,0,湯浅 大,2000.01.24,内野手,,,"1,350",2000,01,26,01,,,,,,,,,,,,,,石井 弘寿,,
巨人,50,板東 湧梧,1995.12.27,投手,,,"1,300",1995,12,31,12,,,,,,,,,,,,,,松岡 健一,,
巨人,56,北浦 竜次,2000.01.12,投手,,,"1,300",2000,01,26,01,,,,,,,,,,,,,,尾花 高夫,,
巨人,32,浦田 俊輔,2002.08.30,内野手,,,"1,300",2002,08,24,08,,,,,,,,,,,,,,山本 樹,,
巨人,23,石塚 裕惺,2006.04.06,内野手,,,"1,230",2006,04,20,04,,,,,,,,,,,,,,高津 臣吾,,
巨人,60,荒巻 悠,2002.12.23,内野手,,,"1,200",2002,12,24,12,,,,,,,,,,,,,,古田 敦也,,
巨人,30,田和 廉,2003.05.02,投手,,,"1,200",2003,05,23,05,,,,,,,,,,,,,,ペタジーニ,,
巨人,35,E.ルシアーノ,2000.02.15,投手,,,"1,000",2000,02,26,02,,,,,,,,,,,,,,山田 哲人,,
巨人,67,山瀬 慎之助,2001.05.04,捕手,,,"1,000",2001,05,25,05,,,,,,,,,,,,,,村上 宗隆,,
巨人,33,小濱 佑斗,2001.10.05,内野手,,,"1,000",2001,10,25,10,,,,,,,,,,,,,,宮本 慎也,,
巨人,57,宮原 駿介,2002.09.12,投手,,,"1,000",2002,09,24,09,,,,,,,,,,,,,,若松 勉,,
巨人,39,皆川 岳飛,2003.04.30,外野手,,,"1,000",2003,04,23,04,,,,,,,,,,,,,,青木 宣親,,
巨人,36,山城 京平,2003.09.20,投手,,,"1,000",2003,09,23,09,,,,,,,,,,,,,,杉浦 享,,
巨人,46,又木 鉄平,1999.02.12,投手,,,970,1999,02,27,02,,,,,,,,,,,,,,大矢 明彦,,
巨人,64,山田 龍聖,2000.09.07,投手,,,950,2000,09,26,09,,,,,,,,,,,,,,大杉 勝男,,
巨人,38,岡田 悠希,2000.01.19,外野手,,,850,2000,01,26,01,,,,,,,,,,,,,,土橋 勝征,,
巨人,37,郡 拓也,1998.04.25,捕手,,,840,1998,04,28,04,,,,,,,,,,,,,,岩村 明憲,,
巨人,54,松浦 慶斗,2003.07.01,投手,,,650,2003,07,23,07,,,,,,,,,,,,,,池山 隆寛,,
巨人,21,松井 颯,2000.09.14,投手,,,630,2000,09,26,09,,,,,,,,,,,,,,真中 満,,
巨人,68,代木 大和,2003.09.08,投手,,,620,2003,09,23,09,,,,,,,,,,,,,,飯田 哲也,,
巨人,20,喜多 隆介,1998.08.25,捕手,,,600,1998,08,28,08,,,,,,,,,,,,,,稲葉 篤紀,,
巨人,69,笹原 操希,2004.02.09,外野手,,,600,2004,02,22,02,,,,,,,,,,,,,,山本 昌広,,
巨人,90,石田 充冴,2006.07.21,投手,,,560,2006,07,20,07,,,,,,,,,,,,,,今中 慎二,,
巨人,13,J.ティマ,2004.09.25,外野手,,,550,2004,09,22,09,,,,,,,,,,,,,,川上 憲伸,,
巨人,67,川原田 純平,2002.05.21,内野手,,,540,2002,05,24,05,,,,,,,,,,,,,,権藤 博,,
巨人,99,藤井 健翔,2007.08.15,内野手,,,540,2007,08,19,08,,,,,,,,,,,,,,杉下 茂,,
巨人,77,石田 隼都,2003.04.05,投手,,,510,2003,04,23,04,,,,,,,,,,,,,,星野 仙一,,
巨人,96,三塚 琉生,2004.05.10,外野手,,,450,2004,05,22,05,,,,,,,,,,,,,,浅尾 拓也,,
巨人,41,黃 錦豪,2005.12.04,投手,,,450,2005,12,21,12,,,,,,,,,,,,,,落合 英二,,
巨人,1,鈴木 大和,1999.04.27,外野手,,,440,1999,04,27,04,,,,,,,,,,,,,,平井 正史,,
巨人,51,舟越 秀虎,2001.08.23,外野手,,,440,2001,08,25,08,,,,,,,,,,,,,,ギャラード,,
巨人,99,京本 眞,2004.02.06,投手,,,440,2004,02,22,02,,,,,,,,,,,,,,高橋 聡文,,
巨人,7,宇都宮 葵星,2004.06.23,内野手,,,440,2004,06,22,06,,,,,,,,,,,,,,岩瀬 仁紀,,
巨人,24,坂本 達也,2002.08.31,捕手,,,420,2002,08,24,08,,,,,,,,,,,,,,落合 博満,,
巨人,63,花田 侑樹,2003.06.25,投手,,,420,2003,06,23,06,,,,,,,,,,,,,,高木 守道,,
巨人,2,中田 歩夢,2004.06.27,内野手,,,420,2004,06,22,06,,,,,,,,,,,,,,立浪 和義,,
巨人,19,園田 純規,2005.07.07,投手,,,420,2005,07,21,07,,,,,,,,,,,,,,井端 弘和,,
巨人,28,富田 龍,1999.11.11,投手,,,410,1999,11,27,11,,,,,,,,,,,,,,田尾 安志,,
巨人,18,木下 幹也,2002.05.01,投手,,,410,2002,05,24,05,,,,,,,,,,,,,,中 利夫,,
巨人,23,田村 朋輝,2004.04.06,投手,,,410,2004,04,22,04,,,,,,,,,,,,,,福留 孝介,,
巨人,3,知念 大成,2000.04.27,外野手,,,400,2000,04,26,04,,,,,,,,,,,,,,T.ウッズ,,
巨人,11,冨重 英二郎,2001.06.01,投手,,,400,2001,06,25,06,,,,,,,,,,,,,,木俣 達彦,,
巨人,12,林 燦,2003.04.22,投手,,,400,2003,04,23,04,,,,,,,,,,,,,,谷沢 健一,,
巨人,47,河野 優作,2003.07.03,投手,,,400,2003,07,23,07,,,,,,,,,,,,,,荒木 雅博,,
巨人,22,亀田 啓太,1999.04.09,捕手,,,390,1999,04,27,04,,,,,,,,,,,,,,大島 康徳,,
巨人,33,平山 功太,2004.03.16,内野手,,,390,2004,03,22,03,,,,,,,,,,,,,,宇野 勝,,
巨人,8,相澤 白虎,2004.05.28,外野手,,,380,2004,05,22,05,,,,,,,,,,,,,,和田 一浩,,
巨人,34,森本 哲星,2004.09.03,投手,,,380,2004,09,22,09,,,,,,,,,,,,,,大島 洋平,,
巨人,26,吉村 優聖歩,2004.12.08,投手,,,380,2004,12,22,12,,,,,,,,,,,,,,江藤 慎一,,
巨人,14,堀江 正太郎,2006.10.08,投手,,,380,2006,10,20,10,,,,,,,,,,,,,,野田 浩司,,
巨人,29,西川 歩,2006.11.15,投手,,,380,2006,11,20,11,,,,,,,,,,,,,,山本 由伸,,
巨人,27,北村 流音,2005.02.20,内野手,,,370,2005,02,21,02,,,,,,,,,,,,,,長谷川 滋利,,
巨人,5,田上 優弥,2005.06.08,内野手,,,370,2005,06,21,06,,,,,,,,,,,,,,星野 伸之,,
巨人,4,村山 源,2005.06.27,内野手,,,370,2005,06,21,06,,,,,,,,,,,,,,佐藤 義則,,
巨人,25,竹下 徠空,2006.11.12,内野手,,,370,2006,11,20,11,,,,,,,,,,,,,,金子 千尋,,
巨人,30,吹田 志道,2007.02.21,投手,,,370,2007,02,19,02,,,,,,,,,,,,,,鈴木 平,,
巨人,49,C.フェリス,2002.09.07,外野手,,,360,2002,09,24,09,,,,,,,,,,,,,,佐藤 達也,,
巨人,16,千葉 隆広,2005.05.15,投手,,,360,2005,05,21,05,,,,,,,,,,,,,,大久保 勝信,,
巨人,15,鈴木 圭晋,2006.07.09,投手,,,360,2006,07,20,07,,,,,,,,,,,,,,加藤 大輔,,
巨人,42,F.グズマン,2006.12.30,投手,,,360,2006,12,20,12,,,,,,,,,,,,,,岸田 護,,
巨人,6,松井 蓮太朗,2007.08.03,捕手,,,360,2007,08,19,08,,,,,,,,,,,,,,中嶋 聡,,
中日,23,M.サノー,1993.05.11,内野手,,,"20,000",1993,05,33,05,,,,,,,,,,,,,,ブーマー,,
中日,17,柳 裕也,1994.04.22,投手,,,"20,000",1994,04,32,04,,,,,,,,,,,,,,後藤 光尊,,
中日,19,髙橋 宏斗,2002.08.09,投手,,,"20,000",2002,08,24,08,,,,,,,,,,,,,,松永 浩美,,
中日,22,大野 雄大,1988.09.26,投手,,,"17,000",1988,09,38,09,,,,,,,,,,,,,,小川 博文,,
中日,24,J.ボスラー,1993.09.06,外野手,,,"15,000",1993,09,33,09,,,,,,,,,,,,,,田口 壮,,
中日,28,アブレウ,1995.09.26,投手,,,"15,000",1995,09,31,09,,,,,,,,,,,,,,谷 佳知,,
中日,1,岡林 勇希,2002.02.22,外野手,,,"15,000",2002,02,24,02,,,,,,,,,,,,,,イチロー,,
中日,55,細川 成也,1998.08.04,外野手,,,"13,000",1998,08,28,08,,,,,,,,,,,,,,吉田 正尚,,
中日,50,清水 達也,1999.11.03,投手,,,"12,500",1999,11,27,11,,,,,,,,,,,,,,日高 剛,,
中日,90,松山 晋也,2000.06.23,投手,,,"12,500",2000,06,26,06,,,,,,,,,,,,,,藤井 康雄,,
中日,54,藤嶋 健人,1998.05.08,投手,,,"12,000",1998,05,28,05,,,,,,,,,,,,,,福良 淳一,,
中日,91,H.メヒア,1997.03.03,投手,,,"11,000",1997,03,29,03,,,,,,,,,,,,,,本西 厚博,,
中日,38,松葉 貴大,1990.08.14,投手,,,"10,000",1990,08,36,08,,,,,,,,,,,,,,塩崎 真,,
中日,93,K.マラー,1997.10.07,投手,,,"10,000",1997,10,29,10,,,,,,,,,,,,,,T-岡田,,
中日,4,O.カリステ,1992.02.03,内野手,,,"9,000",1992,02,34,02,,,,,,,,,,,,,,糸井 嘉男,,
中日,20,涌井 秀章,1986.06.21,投手,,,"7,000",1986,06,40,06,,,,,,,,,,,,,,石嶺 和彦,,
中日,35,木下 拓哉,1991.12.18,捕手,,,"7,000",1991,12,35,12,,,,,,,,,,,,,,村田 兆治,,
中日,8,大島 洋平,1985.11.09,外野手,,,"6,000",1985,11,41,11,,,,,,,,,,,,,,木樽 正明,,
中日,3,高橋 周平,1994.01.18,内野手,,,"6,000",1994,01,32,01,,,,,,,,,,,,,,黒木 知宏,,
中日,59,齋藤 綱記,1996.12.18,投手,,,"5,500",1996,12,30,12,,,,,,,,,,,,,,成瀬 善久,,
中日,51,上林 誠知,1995.08.01,外野手,,,"4,600",1995,08,31,08,,,,,,,,,,,,,,渡辺 俊介,,
中日,13,橋本 侑樹,1998.01.08,投手,,,"3,900",1998,01,28,01,,,,,,,,,,,,,,小宮山 悟,,
中日,2,田中 幹也,2000.11.28,内野手,,,"3,600",2000,11,26,11,,,,,,,,,,,,,,清水 直行,,
中日,60,山本 泰寛,1993.10.10,内野手,,,"3,500",1993,10,33,10,,,,,,,,,,,,,,伊良部 秀輝,,
中日,41,勝野 昌慶,1997.06.12,投手,,,"3,300",1997,06,29,06,,,,,,,,,,,,,,益田 直也,,
中日,34,福 敬登,1992.06.16,投手,,,"3,000",1992,06,34,06,,,,,,,,,,,,,,薮田 安彦,,
中日,39,宇佐見 真吾,1993.06.04,捕手,,,"3,000",1993,06,33,06,,,,,,,,,,,,,,藤田 宗一,,
中日,5,村松 開人,2001.01.06,内野手,,,"2,800",2001,01,25,01,,,,,,,,,,,,,,小林 雅英,,
中日,7,福永 裕基,1996.09.16,内野手,,,"2,700",1996,09,30,09,,,,,,,,,,,,,,里崎 智也,,
中日,9,石伊 雄太,2000.08.18,捕手,,,"2,600",2000,08,26,08,,,,,,,,,,,,,,福浦 和也,,
中日,46,梅野 雄吾,1999.01.13,投手,,,"2,500",1999,01,27,01,,,,,,,,,,,,,,有藤 道世,,
中日,21,金丸 夢斗,2003.02.01,投手,,,"2,500",2003,02,23,02,,,,,,,,,,,,,,西岡 剛,,
中日,25,石川 昂弥,2001.06.22,内野手,,,"2,300",2001,06,25,06,,,,,,,,,,,,,,山内 和弘,,
中日,49,加藤 匠馬,1992.04.29,捕手,,,"2,250",1992,04,34,04,,,,,,,,,,,,,,西村 徳文,,
中日,63,板山 祐太郎,1994.03.27,内野手,,,"2,200",1994,03,32,03,,,,,,,,,,,,,,サブロー,,
中日,42,ブライト 健太,1999.05.07,外野手,,,"2,200",1999,05,27,05,,,,,,,,,,,,,,榎本 喜八,,
中日,11,中西 聖輝,2003.12.18,投手,,,"1,600",2003,12,23,12,,,,,,,,,,,,,,袴田 英利,,
中日,48,阿部 寿樹,1989.12.03,内野手,,,"1,500",1989,12,37,12,,,,,,,,,,,,,,レオン,,
中日,95,C.ロドリゲス,2002.03.31,内野手,,,"1,500",2002,03,24,03,,,,,,,,,,,,,,山崎 裕之,,
中日,44,川越 誠司,1993.06.30,外野手,,,"1,400",1993,06,33,06,,,,,,,,,,,,,,初芝 清,,
中日,45,土田 龍空,2002.12.30,内野手,,,"1,300",2002,12,24,12,,,,,,,,,,,,,,小坂 誠,,
中日,16,櫻井 頼之介,2003.07.21,投手,,,"1,200",2003,07,23,07,,,,,,,,,,,,,,角中 勝也,,
中日,47,吉田 聖弥,2002.05.23,投手,,,"1,150",2002,05,24,05,,,,,,,,,,,,,,弘田 澄男,,
中日,14,草加 勝,2001.11.21,投手,,,"1,100",2001,11,25,11,,,,,,,,,,,,,,リー,,
中日,58,石橋 康太,2000.12.07,捕手,,,"1,060",2000,12,26,12,,,,,,,,,,,,,,斉藤 和巳,,
中日,66,鵜飼 航丞,1999.05.30,外野手,,,"1,050",1999,05,27,05,,,,,,,,,,,,,,若田部 健一,,
中日,30,根尾 昂,2000.04.19,投手,,,"1,050",2000,04,26,04,,,,,,,,,,,,,,工藤 公康,,
中日,65,知野 直人,1999.02.16,内野手,,,"1,000",1999,02,27,02,,,,,,,,,,,,,,杉内 俊哉,,
中日,32,伊藤 茉央,2000.11.19,投手,,,"1,000",2000,11,26,11,,,,,,,,,,,,,,和田 毅,,
中日,219,R.マルティネス,2003.09.28,投手,,,"1,000",2003,09,23,09,,,,,,,,,,,,,,攝津 正,,
中日,52,篠﨑 国忠,2005.06.12,投手,,,"1,000",2005,06,21,06,,,,,,,,,,,,,,千賀 滉大,,
中日,0,辻本 倫太郎,2001.08.11,内野手,,,950,2001,08,25,08,,,,,,,,,,,,,,篠原 貴行,,
中日,70,近藤 廉,1998.09.22,投手,,,900,1998,09,28,09,,,,,,,,,,,,,,森福 允彦,,
中日,69,三浦 瑞樹,1999.09.02,投手,,,900,1999,09,27,09,,,,,,,,,,,,,,吉田 修司,,
中日,26,仲地 礼亜,2001.02.15,投手,,,900,2001,02,25,02,,,,,,,,,,,,,,馬原 孝浩,,
中日,29,松木平 優太,2003.02.24,投手,,,900,2003,02,23,02,,,,,,,,,,,,,,城島 健司,,
中日,0,尾田 剛樹,2000.08.03,外野手,,,850,2000,08,26,08,,,,,,,,,,,,,,井口 資仁,,
中日,97,樋口 正修,1998.11.17,内野手,,,800,1998,11,28,11,,,,,,,,,,,,,,小久保 裕紀,,
中日,57,花田 旭,2003.04.23,外野手,,,720,2003,04,23,04,,,,,,,,,,,,,,川﨑 宗則,,
中日,56,新保 茉良,2003.11.29,内野手,,,720,2003,11,23,11,,,,,,,,,,,,,,村松 有人,,
中日,36,福田 幸之介,2005.08.11,投手,,,630,2005,08,21,08,,,,,,,,,,,,,,柳田 悠岐,,
中日,31,森 駿太,2006.12.25,内野手,,,620,2006,12,20,12,,,,,,,,,,,,,,佐々木 誠,,
中日,43,味谷 大誠,2003.06.14,捕手,,,610,2003,06,23,06,,,,,,,,,,,,,,カズ山本,,
中日,67,能戸 輝夢,2007.05.15,外野手,,,600,2007,05,19,05,,,,,,,,,,,,,,吉永 幸一郎,,
中日,64,有馬 惠叶,2006.09.20,投手,,,540,2006,09,20,09,,,,,,,,,,,,,,藤本 博史,,
中日,61,高橋 幸佑,2006.12.31,投手,,,540,2006,12,20,12,,,,,,,,,,,,,,本多 雄一,,
中日,209,福元 悠真,1999.12.01,外野手,,,420,1999,12,27,12,,,,,,,,,,,,,,松田 宣浩,,
中日,207,津田 啓史,2002.11.23,内野手,,,420,2002,11,24,11,,,,,,,,,,,,,,今宮 健太,,
中日,213,森山 暁生,2005.01.11,投手,,,420,2005,01,21,01,,,,,,,,,,,,,,中村 晃,,
中日,211,梅津 晃大,1996.10.24,投手,,,400,1996,10,30,10,,,,,,,,,,,,,,柴原 洋,,
中日,204,森 博人,1998.05.25,投手,,,400,1998,05,28,05,,,,,,,,,,,,,,長谷川 勇也,,
中日,205,土生 翔太,2001.03.10,投手,,,400,2001,03,25,03,,,,,,,,,,,,,,岩隈 久志,,
中日,206,山浅 龍之介,2004.04.21,捕手,,,400,2004,04,22,04,,,,,,,,,,,,,,田中 将大,,
中日,218,川上 理偉,2001.03.10,内野手,,,330,2001,03,25,03,,,,,,,,,,,,,,永井 怜,,
中日,201,牧野 憲伸,1999.09.19,投手,,,300,1999,09,27,09,,,,,,,,,,,,,,涌井 秀章,,
中日,217,三上 愛介,2004.06.14,外野手,,,300,2004,06,22,06,,,,,,,,,,,,,,則本 昂大,,
中日,215,日渡 騰輝,2004.09.20,捕手,,,300,2004,09,22,09,,,,,,,,,,,,,,美馬 学,,
中日,202,中村 奈一輝,2006.08.16,内野手,,,300,2006,08,20,08,,,,,,,,,,,,,,青山 浩二,,
中日,203,井上 剣也,2006.12.20,投手,,,300,2006,12,20,12,,,,,,,,,,,,,,福山 博之,,
中日,216,石川 大峨,2007.08.01,内野手,,,300,2007,08,19,08,,,,,,,,,,,,,,長谷部 康平,,
DeNA,0,J.デュプランティエ,1994.07.11,投手,,,"47,000",1994,07,32,07,,,,,,,,,,,,,,小山 伸一郎,,
DeNA,25,筒香 嘉智,1991.11.26,内野手,,,"30,000",1991,11,35,11,,,,,,,,,,,,,,松井 裕樹,,
DeNA,19,山﨑 康晃,1992.10.02,投手,,,"30,000",1992,10,34,10,,,,,,,,,,,,,,嶋 基宏,,
DeNA,11,東 克樹,1995.11.29,投手,,,"30,000",1995,11,31,11,,,,,,,,,,,,,,吉岡 雄二,,
DeNA,2,牧 秀悟,1998.04.21,内野手,,,"25,000",1998,04,28,04,,,,,,,,,,,,,,藤田 一也,,
DeNA,51,宮﨑 敏郎,1988.12.12,内野手,,,"20,000",1988,12,38,12,,,,,,,,,,,,,,マギー,,
DeNA,7,佐野 恵太,1994.11.28,外野手,,,"17,000",1994,11,32,11,,,,,,,,,,,,,,渡辺 直人,,
DeNA,49,J.ルイーズ,1994.10.21,投手,,,"15,600",1994,10,32,10,,,,,,,,,,,,,,鉄平,,
DeNA,42,A.コックス,1997.03.28,投手,,,"15,600",1997,03,29,03,,,,,,,,,,,,,,聖澤 諒,,
DeNA,13,伊勢 大夢,1998.03.07,投手,,,"14,000",1998,03,28,03,,,,,,,,,,,,,,礒部 公一,,
DeNA,62,S.レイノルズ,1998.04.19,投手,,,"14,000",1998,04,28,04,,,,,,,,,,,,,,山﨑 武司,,
DeNA,99,C.ヒュンメル,1994.11.28,外野手,,,"10,700",1994,11,32,11,,,,,,,,,,,,,,藤井 彰人,,
DeNA,45,森原 康平,1991.12.26,投手,,,"10,000",1991,12,35,12,,,,,,,,,,,,,,銀次,,
DeNA,66,D.ビシエド,1989.03.10,内野手,,,"9,360",1989,03,37,03,,,,,,,,,,,,,,高須 洋介,,
DeNA,14,石田 健大,1993.03.01,投手,,,"8,000",1993,03,33,03,,,,,,,,,,,,,,浅村 栄斗,,
DeNA,27,藤浪 晋太郎,1994.04.12,投手,,,"8,000",1994,04,32,04,,,,,,,,,,,,,,茂木 栄五郎,,
DeNA,10,戸柱 恭孝,1990.04.11,捕手,,,"7,500",1990,04,36,04,,,,,,,,,,,,,,岡島 豪郎,,
DeNA,50,山本 祐大,1998.09.11,捕手,,,"7,300",1998,09,28,09,,,,,,,,,,,,,,島内 宏明,,
DeNA,16,大貫 晋一,1994.02.03,投手,,,"6,300",1994,02,32,02,,,,,,,,,,,,,,松井 稼頭央,,
DeNA,9,京田 陽太,1994.04.20,内野手,,,"6,000",1994,04,32,04,,,,,,,,,,,,,,稲尾 和久,,
DeNA,22,入江 大生,1998.08.26,投手,,,"5,800",1998,08,28,08,,,,,,,,,,,,,,西口 文也,,
DeNA,26,三森 大貴,1999.02.21,内野手,,,"5,000",1999,02,27,02,,,,,,,,,,,,,,松坂 大輔,,
DeNA,61,蝦名 達夫,1997.09.20,外野手,,,"4,700",1997,09,29,09,,,,,,,,,,,,,,東尾 修,,
DeNA,20,坂本 裕哉,1997.07.28,投手,,,"4,400",1997,07,29,07,,,,,,,,,,,,,,渡辺 久信,,
DeNA,63,関根 大気,1995.06.28,外野手,,,"4,040",1995,06,31,06,,,,,,,,,,,,,,潮崎 哲也,,
DeNA,31,柴田 竜拓,1993.12.16,内野手,,,"4,000",1993,12,33,12,,,,,,,,,,,,,,森 慎二,,
DeNA,8,神里 和毅,1994.01.17,外野手,,,"3,500",1994,01,32,01,,,,,,,,,,,,,,牧田 和久,,
DeNA,4,度会 隆輝,2002.10.04,外野手,,,"3,500",2002,10,24,10,,,,,,,,,,,,,,森 繁和,,
DeNA,41,佐々木 千隼,1994.06.08,投手,,,"3,400",1994,06,32,06,,,,,,,,,,,,,,豊田 清,,
DeNA,0,林 琢真,2000.08.24,内野手,,,"3,100",2000,08,26,08,,,,,,,,,,,,,,伊東 勤,,
DeNA,59,平良 拳太郎,1995.07.12,投手,,,"3,000",1995,07,31,07,,,,,,,,,,,,,,土井 正博,,
DeNA,54,石田 裕太郎,2002.01.22,投手,,,"3,000",2002,01,24,01,,,,,,,,,,,,,,辻 発彦,,
DeNA,52,浜地 真澄,1998.05.25,投手,,,"2,800",1998,05,28,05,,,,,,,,,,,,,,中村 剛也,,
DeNA,58,梶原 昂希,1999.09.19,外野手,,,"2,600",1999,09,27,09,,,,,,,,,,,,,,秋山 幸二,,
DeNA,64,中川 虎大,1999.10.02,投手,,,"2,300",1999,10,27,10,,,,,,,,,,,,,,平野 謙,,
DeNA,5,松尾 汐恩,2004.07.06,捕手,,,"2,300",2004,07,22,07,,,,,,,,,,,,,,中西 太,,
DeNA,6,森 敬斗,2002.01.28,内野手,,,"2,100",2002,01,24,01,,,,,,,,,,,,,,森 友哉,,
DeNA,12,竹田 祐,1999.07.05,投手,,,"2,000",1999,07,27,07,,,,,,,,,,,,,,デストラーデ,,
DeNA,53,颯,1998.10.10,投手,,,"1,900",1998,10,28,10,,,,,,,,,,,,,,片岡 易之,,
DeNA,3,小田 康一郎,2003.08.15,内野手,,,"1,600",2003,08,23,08,,,,,,,,,,,,,,石毛 宏典,,
DeNA,44,石上 泰輝,2001.05.18,内野手,,,"1,500",2001,05,25,05,,,,,,,,,,,,,,豊田 泰光,,
DeNA,65,宮城 滝太,2000.07.15,投手,,,"1,280",2000,07,26,07,,,,,,,,,,,,,,栗山 巧,,
DeNA,115,馬場 皐輔,1995.05.18,投手,,,"1,200",1995,05,31,05,,,,,,,,,,,,,,秋山 翔吾,,
DeNA,30,篠木 健太郎,2002.05.07,投手,,,"1,200",2002,05,24,05,,,,,,,,,,,,,,中島 宏之,,
DeNA,15,島田 舜也,2003.04.30,投手,,,"1,200",2003,04,23,04,,,,,,,,,,,,,,ダルビッシュ ,,
DeNA,24,吉野 光樹,1998.07.19,投手,,,"1,100",1998,07,28,07,,,,,,,,,,,,,,西崎 幸広,,
DeNA,98,H.マルセリーノ,2002.06.16,投手,,,"1,090",2002,06,24,06,,,,,,,,,,,,,,土橋 正幸,,
DeNA,47,片山 皓心,1998.10.31,投手,,,"1,000",1998,10,28,10,,,,,,,,,,,,,,尾崎 行雄,,
DeNA,38,松本 凌人,2001.12.05,投手,,,950,2001,12,25,12,,,,,,,,,,,,,,高橋 直樹,,
DeNA,55,井上 絢登,2000.02.23,外野手,,,900,2000,02,26,02,,,,,,,,,,,,,,岩本 ツトム,,
DeNA,34,宮下 朝陽,2004.01.26,内野手,,,900,2004,01,22,01,,,,,,,,,,,,,,宮西 尚生,,
DeNA,48,成瀬 脩人,2001.05.23,内野手,,,850,2001,05,25,05,,,,,,,,,,,,,,増井 浩俊,,
DeNA,39,若松 尚輝,2000.05.10,投手,,,800,2000,05,26,05,,,,,,,,,,,,,,グロス,,
DeNA,60,古市 尊,2002.06.15,捕手,,,800,2002,06,24,06,,,,,,,,,,,,,,大谷 翔平,,
DeNA,37,加藤 響,2002.06.15,内野手,,,750,2002,06,24,06,,,,,,,,,,,,,,武田 久,,
DeNA,92,堀岡 隼人,1998.09.11,投手,,,730,1998,09,28,09,,,,,,,,,,,,,,田村 藤夫,,
DeNA,46,坂口 翔颯,2002.09.12,投手,,,700,2002,09,24,09,,,,,,,,,,,,,,小笠原 道大,,
DeNA,18,小園 健太,2003.04.09,投手,,,660,2003,04,23,04,,,,,,,,,,,,,,田中 賢介,,
DeNA,95,九鬼 隆平,1998.09.05,捕手,,,650,1998,09,28,09,,,,,,,,,,,,,,片岡 篤史,,
DeNA,67,濱 将乃介,2000.05.03,外野手,,,650,2000,05,26,05,,,,,,,,,,,,,,田中 幸雄,,
DeNA,35,橋本 達弥,2000.07.18,投手,,,650,2000,07,26,07,,,,,,,,,,,,,,中田 翔,,
DeNA,28,勝又 温史,2000.05.22,外野手,,,620,2000,05,26,05,,,,,,,,,,,,,,張本 勲,,
DeNA,57,東妻 純平,2001.07.03,捕手,,,600,2001,07,25,07,,,,,,,,,,,,,,鶴岡 慎也,,
DeNA,129,西巻 賢二,1999.04.22,内野手,,,570,1999,04,27,04,,,,,,,,,,,,,,白井 一幸,,
DeNA,68,岩田 将貴,1998.06.16,投手,,,560,1998,06,28,06,,,,,,,,,,,,,,古屋 英夫,,
DeNA,32,益子 京右,2000.12.27,捕手,,,560,2000,12,26,12,,,,,,,,,,,,,,金子 誠,,
DeNA,140,松本 隆之介,2002.07.31,投手,,,560,2002,07,24,07,,,,,,,,,,,,,,毒島 章一,,
DeNA,33,武田 陸玖,2005.06.06,投手,,,560,2005,06,21,06,,,,,,,,,,,,,,島田 誠,,
DeNA,136,森下 瑠大,2004.09.19,投手,,,550,2004,09,22,09,,,,,,,,,,,,,,森本 稀哲,,
DeNA,56,田内 真翔,2007.03.06,内野手,,,520,2007,03,19,03,,,,,,,,,,,,,,皆川 睦男,,
DeNA,43,深沢 鳳介,2003.11.05,投手,,,500,2003,11,23,11,,,,,,,,,,,,,,杉浦 忠,,
DeNA,127,上甲 凌大,2001.01.29,捕手,,,460,2001,01,25,01,,,,,,,,,,,,,,井上 祐二,,
DeNA,122,庄司 陽斗,2001.05.31,投手,,,450,2001,05,25,05,,,,,,,,,,,,,,江本 孟紀,,
DeNA,130,近藤 大雅,2005.09.18,捕手,,,340,2005,09,21,09,,,,,,,,,,,,,,山内 新一,,
DeNA,102,清水 麻成,2005.10.06,投手,,,340,2005,10,21,10,,,,,,,,,,,,,,村上 雅則,,
DeNA,125,小笠原 蒼,2005.10.20,内野手,,,340,2005,10,21,10,,,,,,,,,,,,,,山内 孝徳,,
DeNA,193,高見澤 郁魅,2006.01.18,内野手,,,340,2006,01,20,01,,,,,,,,,,,,,,別所 昭,,
DeNA,111,吉岡 暖,2006.08.28,投手,,,340,2006,08,20,08,,,,,,,,,,,,,,山内 和宏,,
DeNA,103,金渕 光希,2006.10.01,投手,,,340,2006,10,20,10,,,,,,,,,,,,,,藤田 学,,
DeNA,155,小針 大輝,2006.10.10,外野手,,,340,2006,10,20,10,,,,,,,,,,,,,,佐藤 道郎,,
DeNA,131,清水 詩太,2007.09.27,内野手,,,340,2007,09,19,09,,,,,,,,,,,,,,野村 克也,,
広島,14,大瀬良 大地,1991.06.17,投手,,,"20,000",1991,06,35,06,,,,,,,,,,,,,,鶴岡 一人,,
広島,18,森下 暢仁,1997.08.25,投手,,,"20,000",1997,08,29,08,,,,,,,,,,,,,,岡本 伊三美,,
広島,61,S.ファビアン,1998.03.06,外野手,,,"18,600",1998,03,28,03,,,,,,,,,,,,,,藤原 満,,
広島,19,床田 寛樹,1995.03.01,投手,,,"18,500",1995,03,31,03,,,,,,,,,,,,,,小池 兼司,,
広島,20,栗林 良吏,1996.07.09,投手,,,"18,000",1996,07,30,07,,,,,,,,,,,,,,堀井 数男,,
広島,33,菊池 涼介,1990.03.11,内野手,,,"17,000",1990,03,36,03,,,,,,,,,,,,,,広瀬 叔功,,
広島,42,F.ターノック,1998.11.24,投手,,,"15,600",1998,11,28,11,,,,,,,,,,,,,,山本 和範,,
広島,5,小園 海斗,2000.06.07,内野手,,,"15,000",2000,06,26,06,,,,,,,,,,,,,,門田 博光,,
広島,31,坂倉 将吾,1998.05.29,捕手,,,"14,000",1998,05,28,05,,,,,,,,,,,,,,香川 伸行,,
広島,9,秋山 翔吾,1988.04.16,外野手,,,"13,000",1988,04,38,04,,,,,,,,,,,,,,桜井 輝秀,,
広島,43,島内 颯太郎,1996.10.14,投手,,,"13,000",1996,10,30,10,,,,,,,,,,,,,,河埜 敬幸,,
広島,95,E.モンテロ,1998.08.17,内野手,,,"11,800",1998,08,28,08,,,,,,,,,,,,,,国貞 泰汎,,
広島,13,森浦 大輔,1998.06.15,投手,,,"11,000",1998,06,28,06,,,,,,,,,,,,,,定岡 智秋,,
広島,37,野間 峻祥,1993.01.28,外野手,,,"7,000",1993,01,33,01,,,,,,,,,,,,,,新井 宏昌,,
広島,21,中﨑 翔太,1992.08.10,投手,,,"6,200",1992,08,34,08,,,,,,,,,,,,,,ジョーンズ,,
広島,52,末包 昇大,1996.05.27,外野手,,,"6,100",1996,05,30,05,,,,,,,,,,,,,,米田 哲也,,
広島,27,會澤 翼,1988.04.13,捕手,,,"5,000",1988,04,38,04,,,,,,,,,,,,,,山田 久志,,
広島,7,堂林 翔太,1991.08.17,内野手,,,"4,800",1991,08,35,08,,,,,,,,,,,,,,梶本 隆夫,,
広島,4,矢野 雅哉,1998.12.16,内野手,,,"4,800",1998,12,28,12,,,,,,,,,,,,,,野口 二郎,,
広島,16,森 翔平,1998.01.01,投手,,,"3,800",1998,01,28,01,,,,,,,,,,,,,,山口 高志,,
広島,36,塹江 敦哉,1997.02.21,投手,,,"3,500",1997,02,29,02,,,,,,,,,,,,,,山沖 之彦,,
広島,65,玉村 昇悟,2001.04.16,投手,,,"3,300",2001,04,25,04,,,,,,,,,,,,,,今井 雄太郎,,
広島,59,大盛 穂,1996.08.31,外野手,,,"3,100",1996,08,30,08,,,,,,,,,,,,,,稲葉 光雄,,
広島,0,羽月 隆太郎,2000.04.19,内野手,,,"3,100",2000,04,26,04,,,,,,,,,,,,,,竹村 一義,,
広島,41,鈴木 健矢,1997.12.11,投手,,,"3,000",1997,12,29,12,,,,,,,,,,,,,,足立 光宏,,
広島,96,中村 奨成,1999.06.06,外野手,,,"3,000",1999,06,27,06,,,,,,,,,,,,,,岡村 浩二,,
広島,48,アドゥワ 誠,1998.10.02,投手,,,"2,900",1998,10,28,10,,,,,,,,,,,,,,マルカーノ,,
広島,24,黒原 拓未,1999.11.29,投手,,,"2,700",1999,11,27,11,,,,,,,,,,,,,,大橋 穣,,
広島,32,石原 貴規,1998.02.03,捕手,,,"2,000",1998,02,28,02,,,,,,,,,,,,,,簑田 浩二,,
広島,53,岡本 駿,2002.06.12,投手,,,"2,000",2002,06,24,06,,,,,,,,,,,,,,福本 豊,,
広島,66,遠藤 淳志,1999.04.08,投手,,,"1,800",1999,04,27,04,,,,,,,,,,,,,,長池 徳二,,
広島,22,髙 太一,2001.07.26,投手,,,"1,800",2001,07,25,07,,,,,,,,,,,,,,加藤 英司,,
広島,10,佐々木 泰,2002.12.24,内野手,,,"1,800",2002,12,24,12,,,,,,,,,,,,,,中沢 伸二,,
広島,29,ケムナ 誠,1995.06.05,投手,,,"1,600",1995,06,31,06,,,,,,,,,,,,,,高井 保弘,,
広島,51,平川 蓮,2004.03.31,外野手,,,"1,600",2004,03,22,03,,,,,,,,,,,,,,島谷 金二,,
広島,34,高橋 昂也,1998.09.27,投手,,,"1,400",1998,09,28,09,,,,,,,,,,,,,,阪本 敏三,,
広島,17,常廣 羽也斗,2001.09.18,投手,,,"1,400",2001,09,25,09,,,,,,,,,,,,,,大熊 忠義,,
広島,99,二俣 翔一,2002.10.21,内野手,,,"1,400",2002,10,24,10,,,,,,,,,,,,,,中田 昌宏,,
広島,44,林 晃汰,2000.11.16,内野手,,,"1,200",2000,11,26,11,,,,,,,,,,,,,,鈴木 啓示,,
広島,28,佐藤 柳之介,2002.11.01,投手,,,"1,200",2002,11,24,11,,,,,,,,,,,,,,村田 辰美,,
広島,11,齊藤 汰直,2003.12.07,投手,,,"1,200",2003,12,23,12,,,,,,,,,,,,,,阿波野 秀幸,,
広島,45,松本 竜也,1999.09.18,投手,,,"1,100",1999,09,27,09,,,,,,,,,,,,,,髙村 祐,,
広島,26,益田 武尚,1998.10.06,投手,,,"1,000",1998,10,28,10,,,,,,,,,,,,,,小池 秀郎,,
広島,30,滝田 一希,2001.12.28,投手,,,"1,000",2001,12,25,12,,,,,,,,,,,,,,吉井 理人,,
広島,0,勝田 成,2003.06.21,内野手,,,"1,000",2003,06,23,06,,,,,,,,,,,,,,岡本 晃,,
広島,60,田村 俊介,2003.08.25,外野手,,,"1,000",2003,08,23,08,,,,,,,,,,,,,,佐野 重樹,,
広島,39,長谷部 銀次,1998.07.29,投手,,,800,1998,07,28,07,,,,,,,,,,,,,,太田 幸司,,
広島,35,工藤 泰己,2003.09.29,投手,,,800,2003,09,23,09,,,,,,,,,,,,,,赤堀 元之,,
広島,98,辻 大雅,2004.08.29,投手,,,800,2004,08,22,08,,,,,,,,,,,,,,大塚 晶文,,
広島,97,中村 貴浩,2000.04.09,外野手,,,700,2000,04,26,04,,,,,,,,,,,,,,梨田 昌崇,,
広島,56,久保 修,2000.09.29,外野手,,,700,2000,09,26,09,,,,,,,,,,,,,,石井 浩郎,,
広島,94,佐藤 啓介,2001.05.24,内野手,,,700,2001,05,25,05,,,,,,,,,,,,,,大石 大二郎,,
広島,49,渡邉 悠斗,2002.07.07,内野手,,,700,2002,07,24,07,,,,,,,,,,,,,,中村 紀洋,,
広島,93,前川 誠太,2003.04.04,内野手,,,700,2003,04,23,04,,,,,,,,,,,,,,石渡 茂,,
広島,38,赤木 晴哉,2003.10.05,投手,,,700,2003,10,23,10,,,,,,,,,,,,,,大村 直之,,
広島,47,斉藤 優汰,2004.05.27,投手,,,700,2004,05,22,05,,,,,,,,,,,,,,ブライアント,,
広島,127,河野 佳,2001.08.23,投手,,,600,2001,08,25,08,,,,,,,,,,,,,,有田 修三,,
広島,46,髙木 快大,2004.03.19,投手,,,600,2004,03,22,03,,,,,,,,,,,,,,水口 栄二,,
広島,63,内田 湘大,2004.09.22,内野手,,,600,2004,09,22,09,,,,,,,,,,,,,,金村 義明,,
広島,57,持丸 泰輝,2001.10.26,捕手,,,550,2001,10,25,10,,,,,,,,,,,,,,村上 隆行,,
広島,62,清水 叶人,2004.07.06,捕手,,,550,2004,07,22,07,,,,,,,,,,,,,,佐々木 恭介,,
広島,67,菊地 ハルン,2007.01.21,投手,,,550,2007,01,19,01,,,,,,,,,,,,,,梵 英心,,
広島,64,髙木 翔斗,2003.08.12,捕手,,,500,2003,08,23,08,,,,,,,,,,,,,,礒部 公一（楽天）,,
広島,58,仲田 侑仁,2005.07.31,内野手,,,500,2005,07,21,07,,,,,,,,,,,,,,井上 一樹,,
広島,69,辰見 鴻之介,2000.11.24,内野手,,,470,2000,11,26,11,,,,,,,,,,,,,,新庄 剛志,,
広島,70,日髙 暖己,2004.09.16,投手,,,450,2004,09,22,09,,,,,,,,,,,,,,三木 肇,,
広島,54,西川 篤夢,2007.12.28,内野手,,,450,2007,12,19,12,,,,,,,,,,,,,,菅野 智之,,
広島,121,名原 典彦,2000.06.24,外野手,,,400,2000,06,26,06,,,,,,,,,,,,,,小笠原 慎之介,,
広島,120,杉田 健,2001.08.28,投手,,,400,2001,08,25,08,,,,,,,,,,,,,,今永 昇太,,
広島,122,安竹 俊喜,2001.04.17,捕手,,,350,2001,04,25,04,,,,,,,,,,,,,,青柳 晃洋,,
広島,128,杉原 望来,2005.09.23,投手,,,350,2005,09,21,09,,,,,,,,,,,,,,菊池 雄星,,
広島,131,N.ロベルト,2000.10.27,外野手,,,300,2000,10,26,10,,,,,,,,,,,,,,川相 昌弘,,
広島,125,岸本 大希,2002.01.01,内野手,,,300,2002,01,24,01,,,,,,,,,,,,,,鈴木 尚広,,
広島,130,M.ラミレス,2002.02.01,内野手,,,300,2002,02,24,02,,,,,,,,,,,,,,久保 康生,,
広島,124,小林 結太,2004.02.15,捕手,,,300,2004,02,22,02,,,,,,,,,,,,,,内海 哲也,,
広島,123,小船 翼,2006.06.20,投手,,,300,2006,06,20,06,,,,,,,,,,,,,,亀井 善行,,
広島,126,竹下 海斗,2006.11.06,投手,,,300,2006,11,20,11,,,,,,,,,,,,,,古城 茂幸,,
広島,132,D.アリア,2001.03.20,投手,,,230,2001,03,25,03,,,,,,,,,,,,,,松本 哲也,,
ヤクルト,1,山田 哲人,1992.07.16,内野手,,,"50,000",1992,07,34,07,,,,,,,,,,,,,,森野 将彦,,
ヤクルト,25,D.サンタナ,1992.08.05,外野手,,,"47,700",1992,08,34,08,,,,,,,,,,,,,,小池 正晃,,
ヤクルト,13,J.オスナ,1992.12.12,内野手,,,"43,700",1992,12,34,12,,,,,,,,,,,,,,山井 大介,,
ヤクルト,34,田口 麗斗,1995.09.14,投手,,,"17,500",1995,09,31,09,,,,,,,,,,,,,,平田 良介,,
ヤクルト,27,中村 悠平,1990.06.17,捕手,,,"15,000",1990,06,36,06,,,,,,,,,,,,,,堂上 直倫,,
ヤクルト,11,J.キハダ,1995.11.09,投手,,,"13,300",1995,11,31,11,,,,,,,,,,,,,,中村 豊,,
ヤクルト,12,石山 泰稚,1988.09.01,投手,,,"12,000",1988,09,38,09,,,,,,,,,,,,,,高橋 建,,
ヤクルト,62,J.リランソ,1995.03.07,投手,,,"9,400",1995,03,31,03,,,,,,,,,,,,,,東出 輝裕,,
ヤクルト,44,大西 広樹,1997.11.08,投手,,,"9,000",1997,11,29,11,,,,,,,,,,,,,,高 信二,,
ヤクルト,29,小川 泰弘,1990.05.16,投手,,,"8,900",1990,05,36,05,,,,,,,,,,,,,,小窪 哲也,,
ヤクルト,58,N.ウォルターズ,1997.05.18,投手,,,"7,800",1997,05,29,05,,,,,,,,,,,,,,野村 祐輔,,
ヤクルト,17,清水 昇,1996.10.15,投手,,,"7,500",1996,10,30,10,,,,,,,,,,,,,,三好 匠,,
ヤクルト,21,吉村 貢司郎,1998.01.19,投手,,,"7,500",1998,01,28,01,,,,,,,,,,,,,,赤松 真人,,
ヤクルト,7,長岡 秀樹,2001.09.26,内野手,,,"7,500",2001,09,25,09,,,,,,,,,,,,,,朝山 東洋,,
ヤクルト,8,茂木 栄五郎,1994.02.14,内野手,,,"7,000",1994,02,32,02,,,,,,,,,,,,,,菊地原 毅,,
ヤクルト,20,木澤 尚文,1998.04.25,投手,,,"6,300",1998,04,28,04,,,,,,,,,,,,,,松元 ユウイチ,,
ヤクルト,24,星 知弥,1994.04.15,投手,,,"5,600",1994,04,32,04,,,,,,,,,,,,,,寺内 崇幸,,
ヤクルト,41,矢崎 拓也,1994.12.31,投手,,,"5,600",1994,12,32,12,,,,,,,,,,,,,,大松 尚逸,,
ヤクルト,99,青柳 晃洋,1993.12.11,投手,,,"5,000",1993,12,33,12,,,,,,,,,,,,,,小野寺 力,,
ヤクルト,47,高橋 奎二,1997.05.14,投手,,,"4,600",1997,05,29,05,,,,,,,,,,,,,,桑原 義行,,
ヤクルト,3,内山 壮真,2002.06.30,内野手,,,"4,400",2002,06,24,06,,,,,,,,,,,,,,小杉 陽太,,
ヤクルト,40,高梨 裕稔,1991.06.05,投手,,,"4,300",1991,06,35,06,,,,,,,,,,,,,,田中 浩康,,
ヤクルト,9,塩見 泰隆,1993.06.12,外野手,,,"4,300",1993,06,33,06,,,,,,,,,,,,,,大原 慎司,,
ヤクルト,30,荘司 宏太,2000.05.22,投手,,,"4,200",2000,05,26,05,,,,,,,,,,,,,,馬場 敏史,,
ヤクルト,45,小澤 怜史,1998.03.09,投手,,,"4,100",1998,03,28,03,,,,,,,,,,,,,,北川 博敏,,
ヤクルト,19,石川 雅規,1980.01.22,投手,,,"3,200",1980,01,46,01,,,,,,,,,,,,,,平田 勝男,,
ヤクルト,18,奥川 恭伸,2001.04.16,投手,,,"3,200",2001,04,25,04,,,,,,,,,,,,,,筒井 壮,,
ヤクルト,2,古賀 優大,1998.08.07,捕手,,,"3,000",1998,08,28,08,,,,,,,,,,,,,,藤本 敦士,,
ヤクルト,10,宮本 丈,1995.04.03,内野手,,,"2,800",1995,04,31,04,,,,,,,,,,,,,,小谷野 栄一,,
ヤクルト,64,岩田 幸宏,1997.07.31,外野手,,,"2,700",1997,07,29,07,,,,,,,,,,,,,,安藤 優也,,
ヤクルト,26,山野 太一,1999.03.24,投手,,,"2,300",1999,03,27,03,,,,,,,,,,,,,,石井 貴,,
ヤクルト,4,丸山 和郁,1999.07.18,外野手,,,"2,200",1999,07,27,07,,,,,,,,,,,,,,森岡 良介,,
ヤクルト,0,赤羽 由紘,2000.06.29,内野手,,,"2,200",2000,06,26,06,,,,,,,,,,,,,,雄平,,
ヤクルト,28,松本 健吾,1999.04.14,投手,,,"2,000",1999,04,27,04,,,,,,,,,,,,,,塩川 達也,,
ヤクルト,46,大道 温貴,1999.01.20,投手,,,"1,850",1999,01,27,01,,,,,,,,,,,,,,川名 慎一,,
ヤクルト,32,松本 直樹,1993.10.17,捕手,,,"1,800",1993,10,33,10,,,,,,,,,,,,,,後藤 武敏,,
ヤクルト,15,中村 優斗,2003.02.08,投手,,,"1,700",2003,02,23,02,,,,,,,,,,,,,,久保 裕也,,
ヤクルト,0,並木 秀尊,1999.03.23,外野手,,,"1,600",1999,03,27,03,,,,,,,,,,,,,,代田 建紀,,
ヤクルト,63,増田 珠,1999.05.21,外野手,,,"1,600",1999,05,27,05,,,,,,,,,,,,,,小関 竜也,,
ヤクルト,6,松下 歩叶,2003.04.14,内野手,,,"1,600",2003,04,23,04,,,,,,,,,,,,,,赤田 将吾,,
ヤクルト,60,武岡 龍世,2001.05.28,内野手,,,"1,500",2001,05,25,05,,,,,,,,,,,,,,大引 啓次,,
ヤクルト,67,伊藤 琉偉,2002.09.11,内野手,,,"1,400",2002,09,24,09,,,,,,,,,,,,,,熊代 聖人,,
ヤクルト,50,北村 恵吾,2000.12.18,内野手,,,"1,300",2000,12,26,12,,,,,,,,,,,,,,小林 宏,,
ヤクルト,68,丸山 翔大,1998.08.22,投手,,,"1,250",1998,08,28,08,,,,,,,,,,,,,,波留 敏夫,,
ヤクルト,66,阪口 皓亮,1999.08.15,投手,,,"1,200",1999,08,27,08,,,,,,,,,,,,,,髙橋 信二,,
ヤクルト,39,松川 玲央,2004.03.26,内野手,,,"1,200",2004,03,22,03,,,,,,,,,,,,,,比嘉 幹貴,,
ヤクルト,37,山野辺 翔,1994.05.24,内野手,,,"1,100",1994,05,32,05,,,,,,,,,,,,,,安達 了一,,
ヤクルト,14,西舘 昂汰,2001.06.09,投手,,,"1,050",2001,06,25,06,,,,,,,,,,,,,,松井 佑介,,
ヤクルト,48,柿沼 友哉,1993.05.12,捕手,,,"1,000",1993,05,33,05,,,,,,,,,,,,,,嶋村 一輝,,
ヤクルト,43,増居 翔太,2000.05.25,投手,,,"1,000",2000,05,26,05,,,,,,,,,,,,,,厚澤 和幸,,
ヤクルト,42,澤井 廉,2000.05.31,外野手,,,"1,000",2000,05,26,05,,,,,,,,,,,,,,堀 幸一,,
ヤクルト,53,長谷川 宙輝,1998.08.23,投手,,,900,1998,08,28,08,,,,,,,,,,,,,,根元 俊一,,
ヤクルト,69,下川 隼佑,2000.03.22,投手,,,900,2000,03,26,03,,,,,,,,,,,,,,大塚 明,,
ヤクルト,33,山崎 太陽,2003.07.06,投手,,,900,2003,07,23,07,,,,,,,,,,,,,,建山 義紀,,
ヤクルト,61,飯田 琉斗,1999.06.24,投手,,,800,1999,06,27,06,,,,,,,,,,,,,,大道 典良,,
ヤクルト,35,石原 勇輝,2001.08.30,投手,,,800,2001,08,25,08,,,,,,,,,,,,,,奈良原 浩,,
ヤクルト,38,石井 巧,2002.03.02,内野手,,,800,2002,03,24,03,,,,,,,,,,,,,,井出 竜也,,
ヤクルト,57,矢野 泰二郎,2002.05.22,捕手,,,700,2002,05,24,05,,,,,,,,,,,,,,的山 哲也,,
ヤクルト,36,西村 瑠伊斗,2004.07.01,外野手,,,700,2004,07,22,07,,,,,,,,,,,,,,松山 秀明,,
ヤクルト,52,橋本 星哉,2000.09.18,捕手,,,650,2000,09,26,09,,,,,,,,,,,,,,大西 崇之,,
ヤクルト,54,田中 陽翔,2006.06.25,内野手,,,650,2006,06,20,06,,,,,,,,,,,,,,倉野 信次,,
ヤクルト,31,モイセエフ ニキータ,2006.11.29,外野手,,,650,2006,11,20,11,,,,,,,,,,,,,,,,
ヤクルト,71,沼田 翔平,2000.06.24,投手,,,600,2000,06,26,06,,,,,,,,,,,,,,,,
ヤクルト,65,鈴木 叶,2006.03.21,捕手,,,600,2006,03,20,03,,,,,,,,,,,,,,,,
ヤクルト,56,坂本 拓己,2004.07.06,投手,,,580,2004,07,22,07,,,,,,,,,,,,,,,,
ヤクルト,17,翔聖,2005.12.17,投手,,,510,2005,12,21,12,,,,,,,,,,,,,,,,
ヤクルト,49,鈴木 蓮吾,2007.08.18,投手,,,500,2007,08,19,08,,,,,,,,,,,,,,,,
ヤクルト,24,モンテル,2000.03.18,外野手,,,470,2000,03,26,03,,,,,,,,,,,,,,,,
ヤクルト,19,佐藤 琢磨,2000.03.18,投手,,,400,2000,03,26,03,,,,,,,,,,,,,,,,
ヤクルト,27,中川 拓真,2002.07.17,捕手,,,400,2002,07,24,07,,,,,,,,,,,,,,,,
ヤクルト,13,竹山 日向,2003.11.02,投手,,,400,2003,11,23,11,,,,,,,,,,,,,,,,
ヤクルト,12,廣澤 優,2001.04.27,投手,,,350,2001,04,25,04,,,,,,,,,,,,,,,,
ヤクルト,16,西濱 勇星,2002.11.23,投手,,,320,2002,11,24,11,,,,,,,,,,,,,,,,
ヤクルト,26,髙野 颯太,2005.07.28,内野手,,,320,2005,07,21,07,,,,,,,,,,,,,,,,
ヤクルト,25,根岸 辰昇,2000.09.20,内野手,,,300,2000,09,26,09,,,,,,,,,,,,,,,,
ヤクルト,23,澤野 聖悠,2002.03.09,内野手,,,300,2002,03,24,03,,,,,,,,,,,,,,,,
ヤクルト,22,松本 龍之介,2005.03.01,捕手,,,300,2005,03,21,03,,,,,,,,,,,,,,,,
ヤクルト,15,小宮 悠瞳,2007.06.08,投手,,,290,2007,06,19,06,,,,,,,,,,,,,,,,
オリックス,7,西川 龍馬,1994.12.10,外野手,,,"40,000",1994,12,32,12,,,,,,,,,,,,,,,,
オリックス,4,森 友哉,1995.08.08,捕手,,,"40,000",1995,08,31,08,,,,,,,,,,,,,,,,
オリックス,42,A.マチャド,1993.04.22,投手,,,"28,000",1993,04,33,04,,,,,,,,,,,,,,,,
オリックス,0,A.エスピノーザ,1998.03.09,投手,,,"23,000",1998,03,28,03,,,,,,,,,,,,,,,,
オリックス,18,宮城 大弥,2001.08.25,投手,,,"22,000",2001,08,25,08,,,,,,,,,,,,,,,,
オリックス,2,若月 健矢,1995.10.04,捕手,,,"18,000",1995,10,31,10,,,,,,,,,,,,,,,,
オリックス,22,九里 亜蓮,1991.09.01,投手,,,"16,000",1991,09,35,09,,,,,,,,,,,,,,,,
オリックス,69,S.ジェリー,1997.05.07,投手,,,"15,000",1997,05,29,05,,,,,,,,,,,,,,,,
オリックス,45,B.シーモア,1998.10.07,内野手,,,"15,000",1998,10,28,10,,,,,,,,,,,,,,,,
オリックス,59,L.ペルドモ,1993.05.09,投手,,,"12,000",1993,05,33,05,,,,,,,,,,,,,,,,
オリックス,29,田嶋 大樹,1996.08.03,投手,,,"11,000",1996,08,30,08,,,,,,,,,,,,,,,,
オリックス,67,中川 圭太,1996.04.12,内野手,,,"10,000",1996,04,30,04,,,,,,,,,,,,,,,,
オリックス,24,紅林 弘太郎,2002.02.07,内野手,,,"9,500",2002,02,24,02,,,,,,,,,,,,,,,,
オリックス,44,頓宮 裕真,1996.11.17,捕手,,,"8,500",1996,11,30,11,,,,,,,,,,,,,,,,
オリックス,19,山岡 泰輔,1995.09.22,投手,,,"8,000",1995,09,31,09,,,,,,,,,,,,,,,,
オリックス,99,杉本 裕太郎,1991.04.05,外野手,,,"7,700",1991,04,35,04,,,,,,,,,,,,,,,,
オリックス,1,太田 椋,2001.02.14,内野手,,,"7,000",2001,02,25,02,,,,,,,,,,,,,,,,
オリックス,40,岩嵜 翔,1989.10.21,投手,,,"6,500",1989,10,37,10,,,,,,,,,,,,,,,,
オリックス,6,宗 佑磨,1996.06.07,内野手,,,"6,200",1996,06,30,06,,,,,,,,,,,,,,,,
オリックス,16,平野 佳寿,1984.03.08,投手,,,"5,500",1984,03,42,03,,,,,,,,,,,,,,,,
オリックス,57,山田 修義,1991.09.19,投手,,,"5,500",1991,09,35,09,,,,,,,,,,,,,,,,
オリックス,17,曽谷 龍平,2000.11.30,投手,,,"5,500",2000,11,26,11,,,,,,,,,,,,,,,,
オリックス,5,西野 真弘,1990.08.02,内野手,,,"5,000",1990,08,36,08,,,,,,,,,,,,,,,,
オリックス,21,山﨑 颯一郎,1998.06.15,投手,,,"4,500",1998,06,28,06,,,,,,,,,,,,,,,,
オリックス,30,廣岡 大志,1997.04.09,内野手,,,"4,400",1997,04,29,04,,,,,,,,,,,,,,,,
オリックス,10,大城 滉二,1993.06.14,内野手,,,"4,000",1993,06,33,06,,,,,,,,,,,,,,,,
オリックス,20,阿部 翔太,1992.11.03,投手,,,"3,700",1992,11,34,11,,,,,,,,,,,,,,,,
オリックス,11,山下 舜平大,2002.07.16,投手,,,"3,000",2002,07,24,07,,,,,,,,,,,,,,,,
オリックス,121,宇田川 優希,1998.11.10,投手,,,"2,800",1998,11,28,11,,,,,,,,,,,,,,,,
オリックス,95,才木 海翔,2000.06.10,投手,,,"2,800",2000,06,26,06,,,,,,,,,,,,,,,,
オリックス,23,吉田 輝星,2001.01.12,投手,,,"2,800",2001,01,25,01,,,,,,,,,,,,,,,,
オリックス,35,古田島 成龍,1999.06.29,投手,,,"2,700",1999,06,27,06,,,,,,,,,,,,,,,,
オリックス,96,髙島 泰都,1999.12.03,投手,,,"2,400",1999,12,27,12,,,,,,,,,,,,,,,,
オリックス,120,小木田 敦也,1998.10.10,投手,,,"2,300",1998,10,28,10,,,,,,,,,,,,,,,,
オリックス,8,麦谷 祐介,2002.07.27,外野手,,,"2,300",2002,07,24,07,,,,,,,,,,,,,,,,
オリックス,66,博志,1997.03.22,投手,,,"2,200",1997,03,29,03,,,,,,,,,,,,,,,,
オリックス,61,平沼 翔太,1997.08.16,外野手,,,"2,100",1997,08,29,08,,,,,,,,,,,,,,,,
オリックス,123,本田 仁海,1999.07.27,投手,,,"2,000",1999,07,27,07,,,,,,,,,,,,,,,,
オリックス,122,大里 昂生,1999.07.07,内野手,,,"1,900",1999,07,27,07,,,,,,,,,,,,,,,,
オリックス,12,東 晃平,1999.12.14,投手,,,"1,900",1999,12,27,12,,,,,,,,,,,,,,,,
オリックス,38,来田 涼斗,2002.10.16,外野手,,,"1,900",2002,10,24,10,,,,,,,,,,,,,,,,
オリックス,9,野口 智哉,1999.09.20,内野手,,,"1,800",1999,09,27,09,,,,,,,,,,,,,,,,
オリックス,32,福永 奨,1999.07.28,捕手,,,"1,700",1999,07,27,07,,,,,,,,,,,,,,,,
オリックス,0,渡部 遼人,1999.09.02,外野手,,,"1,700",1999,09,27,09,,,,,,,,,,,,,,,,
オリックス,94,川瀬 堅斗,2002.06.18,投手,,,"1,600",2002,06,24,06,,,,,,,,,,,,,,,,
オリックス,49,片山 楽生,2002.10.07,投手,,,"1,600",2002,10,24,10,,,,,,,,,,,,,,,,
オリックス,37,石川 亮,1995.07.20,捕手,,,"1,500",1995,07,31,07,,,,,,,,,,,,,,,,
オリックス,52,横山 楓,1997.12.28,投手,,,"1,400",1997,12,29,12,,,,,,,,,,,,,,,,
オリックス,15,椋木 蓮,2000.01.22,投手,,,"1,400",2000,01,26,01,,,,,,,,,,,,,,,,
オリックス,13,寺西 成騎,2002.10.18,投手,,,"1,400",2002,10,24,10,,,,,,,,,,,,,,,,
オリックス,28,富山 凌雅,1997.05.03,投手,,,"1,200",1997,05,29,05,,,,,,,,,,,,,,,,
オリックス,68,入山 海斗,2000.05.26,投手,,,"1,000",2000,05,26,05,,,,,,,,,,,,,,,,
オリックス,50,山中 稜真,2000.12.14,捕手,,,"1,000",2000,12,26,12,,,,,,,,,,,,,,,,
オリックス,127,元 謙太,2002.05.17,外野手,,,"1,000",2002,05,24,05,,,,,,,,,,,,,,,,
オリックス,26,齋藤 響介,2004.11.18,投手,,,950,2004,11,22,11,,,,,,,,,,,,,,,,
オリックス,33,杉澤 龍,2000.07.02,外野手,,,900,2000,07,26,07,,,,,,,,,,,,,,,,
オリックス,93,佐藤 一磨,2001.04.16,投手,,,800,2001,04,25,04,,,,,,,,,,,,,,,,
オリックス,31,藤川 敦也,2007.10.23,投手,,,800,2007,10,19,10,,,,,,,,,,,,,,,,
オリックス,98,権田 琉成,2000.01.28,投手,,,700,2000,01,26,01,,,,,,,,,,,,,,,,
オリックス,129,東山 玲士,2000.05.05,投手,,,700,2000,05,26,05,,,,,,,,,,,,,,,,
オリックス,43,髙谷 舟,2003.07.27,投手,,,700,2003,07,23,07,,,,,,,,,,,,,,,,
オリックス,39,池田 陵真,2003.08.24,外野手,,,700,2003,08,23,08,,,,,,,,,,,,,,,,
オリックス,58,窪田 洋祐,2007.07.31,外野手,,,700,2007,07,19,07,,,,,,,,,,,,,,,,
オリックス,36,森 陽樹,2007.08.01,投手,,,700,2007,08,19,08,,,,,,,,,,,,,,,,
オリックス,48,東松 快征,2005.04.29,投手,,,650,2005,04,21,04,,,,,,,,,,,,,,,,
オリックス,34,横山 聖哉,2005.10.28,内野手,,,650,2005,10,21,10,,,,,,,,,,,,,,,,
オリックス,17,陳 睦衡,2006.03.23,投手,,,600,2006,03,20,03,,,,,,,,,,,,,,,,
オリックス,25,内藤 鵬,2004.10.05,内野手,,,550,2004,10,22,10,,,,,,,,,,,,,,,,
オリックス,135,河内 康介,2005.04.16,投手,,,550,2005,04,21,04,,,,,,,,,,,,,,,,
オリックス,62,堀 柊那,2005.07.16,捕手,,,550,2005,07,21,07,,,,,,,,,,,,,,,,
オリックス,47,山口 廉王,2006.05.14,投手,,,550,2006,05,20,05,,,,,,,,,,,,,,,,
オリックス,153,宜保 翔,2000.11.26,内野手,,,500,2000,11,26,11,,,,,,,,,,,,,,,,
オリックス,128,前 佑囲斗,2001.08.13,投手,,,500,2001,08,25,08,,,,,,,,,,,,,,,,
オリックス,124,遠藤 成,2001.09.19,内野手,,,500,2001,09,25,09,,,,,,,,,,,,,,,,
オリックス,41,佐藤 龍月,2007.07.13,投手,,,500,2007,07,19,07,,,,,,,,,,,,,,,,
オリックス,126,香月 一也,1996.04.16,内野手,,,480,1996,04,30,04,,,,,,,,,,,,,,,,
オリックス,60,野上 士耀,2007.05.23,捕手,,,450,2007,05,19,05,,,,,,,,,,,,,,,,
オリックス,43,宮國 凌空,2005.08.07,投手,,,300,2005,08,21,08,,,,,,,,,,,,,,,,
オリックス,45,河野 聡太,2000.05.22,内野手,,,260,2000,05,26,05,,,,,,,,,,,,,,,,
オリックス,34,村上 喬一朗,2000.12.01,捕手,,,260,2000,12,26,12,,,,,,,,,,,,,,,,
オリックス,41,寿賀 弘都,2005.06.16,投手,,,260,2005,06,21,06,,,,,,,,,,,,,,,,
オリックス,44,芦田 丈飛,2000.02.09,投手,,,250,2000,02,26,02,,,,,,,,,,,,,,,,
オリックス,55,田島 光祐,2000.04.09,捕手,,,250,2000,04,26,04,,,,,,,,,,,,,,,,
オリックス,54,寺本 聖一,2003.02.05,外野手,,,250,2003,02,23,02,,,,,,,,,,,,,,,,
オリックス,52,清水 武蔵,2003.04.14,内野手,,,250,2003,04,23,04,,,,,,,,,,,,,,,,
オリックス,56,乾 健斗,2006.06.28,投手,,,250,2006,06,20,06,,,,,,,,,,,,,,,,
オリックス,51,今坂 幸暉,2006.10.19,内野手,,,250,2006,10,20,10,,,,,,,,,,,,,,,,
オリックス,53,上原 堆我,2007.03.13,投手,,,250,2007,03,19,03,,,,,,,,,,,,,,,,
オリックス,2,マシュー,2003.03.18,投手,,,240,2003,03,23,03,,,,,,,,,,,,,,,,
オリックス,1,三方 陽登,2003.03.31,外野手,,,240,2003,03,23,03,,,,,,,,,,,,,,,,
オリックス,4,渡邉 一生,2003.12.12,投手,,,240,2003,12,23,12,,,,,,,,,,,,,,,,
オリックス,3,中西 創大,2007.12.30,内野手,,,240,2007,12,19,12,,,,,,,,,,,,,,,,
ソフトバンク,54,R.オスナ,1995.02.07,投手,,,"100,000",1995,02,31,02,,,,,,,,,,,,,,,,
ソフトバンク,35,L.モイネロ,1995.12.08,投手,,,"100,000",1995,12,31,12,,,,,,,,,,,,,,,,
ソフトバンク,2,C.スチュワート・ジュニア,1999.11.02,投手,,,"70,000",1999,11,27,11,,,,,,,,,,,,,,,,
ソフトバンク,3,近藤 健介,1993.08.09,外野手,,,"55,000",1993,08,33,08,,,,,,,,,,,,,,,,
ソフトバンク,18,徐 若熙,2000.11.01,投手,,,"50,000",2000,11,26,11,,,,,,,,,,,,,,,,
ソフトバンク,5,山川 穂高,1991.11.23,内野手,,,"45,000",1991,11,35,11,,,,,,,,,,,,,,,,
ソフトバンク,23,周東 佑京,1996.02.10,外野手,,,"40,000",1996,02,30,02,,,,,,,,,,,,,,,,
ソフトバンク,9,柳田 悠岐,1988.10.09,外野手,,,"37,000",1988,10,38,10,,,,,,,,,,,,,,,,
ソフトバンク,10,上沢 直之,1994.02.06,投手,,,"25,000",1994,02,32,02,,,,,,,,,,,,,,,,
ソフトバンク,63,D.ヘルナンデス,1996.12.17,投手,,,"25,000",1996,12,30,12,,,,,,,,,,,,,,,,
ソフトバンク,6,今宮 健太,1991.07.15,内野手,,,"20,000",1991,07,35,07,,,,,,,,,,,,,,,,
ソフトバンク,66,松本 裕樹,1996.04.14,投手,,,"18,000",1996,04,30,04,,,,,,,,,,,,,,,,
ソフトバンク,47,大関 友久,1997.12.14,投手,,,"17,000",1997,12,29,12,,,,,,,,,,,,,,,,
ソフトバンク,8,牧原 大成,1992.10.15,内野手,,,"15,000",1992,10,34,10,,,,,,,,,,,,,,,,
ソフトバンク,24,栗原 陵矢,1996.07.04,内野手,,,"14,000",1996,07,30,07,,,,,,,,,,,,,,,,
ソフトバンク,7,中村 晃,1989.11.05,内野手,,,"12,000",1989,11,37,11,,,,,,,,,,,,,,,,
ソフトバンク,48,藤井 皓哉,1996.07.29,投手,,,"12,000",1996,07,30,07,,,,,,,,,,,,,,,,
ソフトバンク,16,東浜 巨,1990.06.20,投手,,,"11,000",1990,06,36,06,,,,,,,,,,,,,,,,
ソフトバンク,32,柳町 達,1997.04.20,外野手,,,"11,000",1997,04,29,04,,,,,,,,,,,,,,,,
ソフトバンク,40,杉山 一樹,1997.12.07,投手,,,"8,000",1997,12,29,12,,,,,,,,,,,,,,,,
ソフトバンク,12,嶺井 博希,1991.06.04,捕手,,,"7,500",1991,06,35,06,,,,,,,,,,,,,,,,
ソフトバンク,4,J.ダウンズ,1998.07.27,内野手,,,"7,000",1998,07,28,07,,,,,,,,,,,,,,,,
ソフトバンク,19,大津 亮介,1999.01.13,投手,,,"6,800",1999,01,27,01,,,,,,,,,,,,,,,,
ソフトバンク,11,津森 宥紀,1998.01.21,投手,,,"6,000",1998,01,28,01,,,,,,,,,,,,,,,,
ソフトバンク,62,海野 隆司,1997.07.15,捕手,,,"5,500",1997,07,29,07,,,,,,,,,,,,,,,,
ソフトバンク,99,野村 勇,1996.12.01,内野手,,,"5,200",1996,12,30,12,,,,,,,,,,,,,,,,
ソフトバンク,0,川瀬 晃,1997.09.15,内野手,,,"5,000",1997,09,29,09,,,,,,,,,,,,,,,,
ソフトバンク,49,松本 晴,2001.02.24,投手,,,"3,600",2001,02,25,02,,,,,,,,,,,,,,,,
ソフトバンク,64,上茶谷 大河,1996.08.31,投手,,,"3,100",1996,08,30,08,,,,,,,,,,,,,,,,
ソフトバンク,39,尾形 崇斗,1999.05.15,投手,,,"2,700",1999,05,27,05,,,,,,,,,,,,,,,,
ソフトバンク,29,大江 竜聖,1999.01.15,投手,,,"2,500",1999,01,27,01,,,,,,,,,,,,,,,,
ソフトバンク,31,正木 智也,1999.11.05,外野手,,,"2,500",1999,11,27,11,,,,,,,,,,,,,,,,
ソフトバンク,52,秋広 優人,2002.09.17,内野手,,,"2,450",2002,09,24,09,,,,,,,,,,,,,,,,
ソフトバンク,57,緒方 理貢,1998.09.22,外野手,,,"2,400",1998,09,28,09,,,,,,,,,,,,,,,,
ソフトバンク,45,谷川原 健太,1997.04.16,捕手,,,"2,200",1997,04,29,04,,,,,,,,,,,,,,,,
ソフトバンク,30,中村 稔弥,1996.07.08,投手,,,"2,000",1996,07,30,07,,,,,,,,,,,,,,,,
ソフトバンク,53,大山 凌,2002.03.27,投手,,,"2,000",2002,03,24,03,,,,,,,,,,,,,,,,
ソフトバンク,61,川村 友斗,1999.08.13,外野手,,,"1,800",1999,08,27,08,,,,,,,,,,,,,,,,
ソフトバンク,51,前田 純,2000.06.04,投手,,,"1,800",2000,06,26,06,,,,,,,,,,,,,,,,
ソフトバンク,120,長谷川 威展,1999.08.09,投手,,,"1,500",1999,08,27,08,,,,,,,,,,,,,,,,
ソフトバンク,0,渡邉 陸,2000.09.24,捕手,,,"1,500",2000,09,26,09,,,,,,,,,,,,,,,,
ソフトバンク,33,廣瀨 隆太,2001.04.07,内野手,,,"1,500",2001,04,25,04,,,,,,,,,,,,,,,,
ソフトバンク,27,岩井 俊介,2001.07.30,投手,,,"1,500",2001,07,25,07,,,,,,,,,,,,,,,,
ソフトバンク,68,木村 光,2000.07.02,投手,,,"1,300",2000,07,26,07,,,,,,,,,,,,,,,,
ソフトバンク,25,庄子 雄大,2002.10.02,内野手,,,"1,300",2002,10,24,10,,,,,,,,,,,,,,,,
ソフトバンク,13,稲川 竜汰,2004.02.25,投手,,,"1,200",2004,02,22,02,,,,,,,,,,,,,,,,
ソフトバンク,26,鈴木 豪太,2003.08.31,投手,,,"1,100",2003,08,23,08,,,,,,,,,,,,,,,,
ソフトバンク,41,前田 悠伍,2005.08.04,投手,,,"1,100",2005,08,21,08,,,,,,,,,,,,,,,,
ソフトバンク,154,生海,2000.07.11,外野手,,,"1,050",2000,07,26,07,,,,,,,,,,,,,,,,
ソフトバンク,141,澤柳 亮太郎,2000.03.08,投手,,,"1,000",2000,03,26,03,,,,,,,,,,,,,,,,
ソフトバンク,156,L.ロドリゲス,2001.08.18,投手,,,"1,000",2001,08,25,08,,,,,,,,,,,,,,,,
ソフトバンク,56,髙橋 隆慶,2001.12.21,内野手,,,"1,000",2001,12,25,12,,,,,,,,,,,,,,,,
ソフトバンク,44,笹川 吉康,2002.05.31,外野手,,,"1,000",2002,05,24,05,,,,,,,,,,,,,,,,
ソフトバンク,50,相良 雅斗,2003.09.24,投手,,,"1,000",2003,09,23,09,,,,,,,,,,,,,,,,
ソフトバンク,135,A.アルメンタ,2004.06.26,投手,,,"1,000",2004,06,22,06,,,,,,,,,,,,,,,,
ソフトバンク,176,D.サルディ,2005.11.12,投手,,,"1,000",2005,11,21,11,,,,,,,,,,,,,,,,
ソフトバンク,173,Ｊ.オスーナ,2007.03.27,外野手,,,"1,000",2007,03,19,03,,,,,,,,,,,,,,,,
ソフトバンク,175,D.アルモンテ,2007.12.02,内野手,,,"1,000",2007,12,19,12,,,,,,,,,,,,,,,,
ソフトバンク,28,安德 駿,2002.05.18,投手,,,980,2002,05,24,05,,,,,,,,,,,,,,,,
ソフトバンク,43,井上 朋也,2003.01.28,内野手,,,930,2003,01,23,01,,,,,,,,,,,,,,,,
ソフトバンク,42,伊藤 優輔,1997.01.14,投手,,,900,1997,01,29,01,,,,,,,,,,,,,,,,
ソフトバンク,77,山本 恵大,1999.08.06,外野手,,,900,1999,08,27,08,,,,,,,,,,,,,,,,
ソフトバンク,55,石塚 綜一郎,2001.06.07,捕手,,,900,2001,06,25,06,,,,,,,,,,,,,,,,
ソフトバンク,69,岩崎 峻典,2003.03.11,投手,,,860,2003,03,23,03,,,,,,,,,,,,,,,,
ソフトバンク,36,イヒネ イツア,2004.09.02,内野手,,,850,2004,09,22,09,,,,,,,,,,,,,,,,
ソフトバンク,20,村上 泰斗,2007.02.20,投手,,,800,2007,02,19,02,,,,,,,,,,,,,,,,
ソフトバンク,134,村田 賢一,2001.08.31,投手,,,700,2001,08,25,08,,,,,,,,,,,,,,,,
ソフトバンク,157,田上 奏大,2002.11.26,投手,,,650,2002,11,24,11,,,,,,,,,,,,,,,,
ソフトバンク,60,大野 稼頭央,2004.08.06,投手,,,620,2004,08,22,08,,,,,,,,,,,,,,,,
ソフトバンク,65,藤田 悠太郎,2005.06.03,捕手,,,620,2005,06,21,06,,,,,,,,,,,,,,,,
ソフトバンク,136,大竹 風雅,1999.08.22,投手,,,600,1999,08,27,08,,,,,,,,,,,,,,,,
ソフトバンク,132,川口 冬弥,1999.10.26,投手,,,600,1999,10,27,10,,,,,,,,,,,,,,,,
ソフトバンク,58,木村 大成,2003.09.12,投手,,,590,2003,09,23,09,,,,,,,,,,,,,,,,
ソフトバンク,130,牧原 巧汰,2002.07.13,捕手,,,550,2002,07,24,07,,,,,,,,,,,,,,,,
ソフトバンク,67,石見 颯真,2006.06.10,内野手,,,510,2006,06,20,06,,,,,,,,,,,,,,,,
ソフトバンク,46,宇野 真仁朗,2006.07.05,内野手,,,500,2006,07,20,07,,,,,,,,,,,,,,,,
ソフトバンク,125,大友 宗,1999.07.23,捕手,,,400,1999,07,27,07,,,,,,,,,,,,,,,,
ソフトバンク,123,大泉 周也,1999.09.16,外野手,,,400,1999,09,27,09,,,,,,,,,,,,,,,,
ソフトバンク,166,重松 凱人,2000.04.12,外野手,,,400,2000,04,26,04,,,,,,,,,,,,,,,,
ソフトバンク,170,西尾 歩真,2000.06.20,内野手,,,400,2000,06,26,06,,,,,,,,,,,,,,,,
ソフトバンク,151,鈴木 貴大,2001.04.17,外野手,,,400,2001,04,25,04,,,,,,,,,,,,,,,,
ソフトバンク,126,宮里 優吾,2001.09.27,投手,,,400,2001,09,25,09,,,,,,,,,,,,,,,,
ソフトバンク,140,岡田 皓一朗,2002.06.04,投手,,,400,2002,06,24,06,,,,,,,,,,,,,,,,
ソフトバンク,138,相原 雄太,2002.06.16,投手,,,400,2002,06,24,06,,,,,,,,,,,,,,,,
ソフトバンク,143,漁府 輝羽,2002.07.16,外野手,,,400,2002,07,24,07,,,,,,,,,,,,,,,,
ソフトバンク,146,大矢 琉晟,2003.06.28,投手,,,400,2003,06,23,06,,,,,,,,,,,,,,,,
ソフトバンク,164,北斗,2004.03.10,投手,,,400,2004,03,22,03,,,,,,,,,,,,,,,,
ソフトバンク,153,張 峻瑋,2005.11.14,投手,,,400,2005,11,21,11,,,,,,,,,,,,,,,,
ソフトバンク,124,桑原 秀侍,2002.05.29,内野手,,,360,2002,05,24,05,,,,,,,,,,,,,,,,
ソフトバンク,122,藤野 恵音,2003.08.23,内野手,,,360,2003,08,23,08,,,,,,,,,,,,,,,,
ソフトバンク,148,山崎 琢磨,2003.11.06,投手,,,360,2003,11,23,11,,,,,,,,,,,,,,,,
ソフトバンク,145,ハモンド,2004.01.17,投手,,,360,2004,01,22,01,,,,,,,,,,,,,,,,
ソフトバンク,139,井﨑 燦志郎,2004.02.09,投手,,,360,2004,02,22,02,,,,,,,,,,,,,,,,
ソフトバンク,168,佐藤 航太,2004.04.07,外野手,,,360,2004,04,22,04,,,,,,,,,,,,,,,,
ソフトバンク,171,盛島 稜大,2004.05.27,捕手,,,360,2004,05,22,05,,,,,,,,,,,,,,,,
ソフトバンク,159,山下 恭吾,2004.07.07,内野手,,,360,2004,07,22,07,,,,,,,,,,,,,,,,
ソフトバンク,162,岡植 純平,2004.07.10,投手,,,360,2004,07,22,07,,,,,,,,,,,,,,,,
ソフトバンク,161,内野 海斗,2004.07.28,投手,,,360,2004,07,22,07,,,,,,,,,,,,,,,,
ソフトバンク,163,佐々木 明都,2005.01.02,投手,,,360,2005,01,21,01,,,,,,,,,,,,,,,,
ソフトバンク,169,飛田 悠成,2005.03.13,投手,,,360,2005,03,21,03,,,,,,,,,,,,,,,,
ソフトバンク,131,中澤 恒貴,2005.07.03,内野手,,,360,2005,07,21,07,,,,,,,,,,,,,,,,
ソフトバンク,160,長水 啓眞,2005.08.08,投手,,,360,2005,08,21,08,,,,,,,,,,,,,,,,
ソフトバンク,129,佐倉 俠史朗,2005.11.03,内野手,,,360,2005,11,21,11,,,,,,,,,,,,,,,,
ソフトバンク,142,藤原 大翔,2005.12.26,投手,,,360,2005,12,21,12,,,,,,,,,,,,,,,,
ソフトバンク,152,塩士 暖,2006.05.18,投手,,,360,2006,05,20,05,,,,,,,,,,,,,,,,
ソフトバンク,121,ザイレン,2006.05.29,内野手,,,360,2006,05,20,05,,,,,,,,,,,,,,,,
ソフトバンク,137,津嘉山 憲志郎,2006.07.24,投手,,,360,2006,07,20,07,,,,,,,,,,,,,,,,
ソフトバンク,147,木下 勇人,2006.08.06,外野手,,,360,2006,08,20,08,,,,,,,,,,,,,,,,
ソフトバンク,128,河野 伸一朗,2006.08.20,投手,,,360,2006,08,20,08,,,,,,,,,,,,,,,,
ソフトバンク,149,熊谷 太雅,2006.10.17,投手,,,360,2006,10,20,10,,,,,,,,,,,,,,,,
ソフトバンク,127,広瀬 結煌,2007.02.22,内野手,,,360,2007,02,19,02,,,,,,,,,,,,,,,,
ソフトバンク,133,池田 栞太,2007.05.12,捕手,,,360,2007,05,19,05,,,,,,,,,,,,,,,,
ソフトバンク,155,長﨑 蓮汰,2007.06.11,投手,,,360,2007,06,19,06,,,,,,,,,,,,,,,,
ソフトバンク,150,大橋 令和,2007.07.02,内野手,,,360,2007,07,19,07,,,,,,,,,,,,,,,,
ソフトバンク,144,江崎 歩,2007.09.18,内野手,,,360,2007,09,19,09,,,,,,,,,,,,,,,,
ソフトバンク,158,エミール,2007.11.07,外野手,,,360,2007,11,19,11,,,,,,,,,,,,,,,,
ソフトバンク,174,J.モレノ,2007.09.26,内野手,,,不明,2007,09,19,09,,,,,,,,,,,,,,,,
日本ハム,74,有原 航平,1992.08.11,投手,,,"50,000",1992,08,34,08,,,,,,,,,,,,,,,,
日本ハム,99,F.レイエス,1995.07.07,外野手,,,"45,000",1995,07,31,07,,,,,,,,,,,,,,,,
日本ハム,17,伊藤 大海,1997.08.31,投手,,,"34,000",1997,08,29,08,,,,,,,,,,,,,,,,
日本ハム,14,加藤 貴之,1992.06.03,投手,,,"30,000",1992,06,34,06,,,,,,,,,,,,,,,,
日本ハム,18,山﨑 福也,1992.09.09,投手,,,"25,000",1992,09,34,09,,,,,,,,,,,,,,,,
日本ハム,2,A.マルティネス,1996.05.28,捕手,,,"25,000",1996,05,30,05,,,,,,,,,,,,,,,,
日本ハム,66,万波 中正,2000.04.07,外野手,,,"19,500",2000,04,26,04,,,,,,,,,,,,,,,,
日本ハム,21,清宮 幸太郎,1999.05.25,内野手,,,"13,000",1999,05,27,05,,,,,,,,,,,,,,,,
日本ハム,6,R.カストロ,1999.03.21,内野手,,,"12,000",1999,03,27,03,,,,,,,,,,,,,,,,
日本ハム,30,S.ラオ,1999.08.14,投手,,,"12,000",1999,08,27,08,,,,,,,,,,,,,,,,
日本ハム,3,郡司 裕也,1997.12.27,捕手,,,"11,000",1997,12,29,12,,,,,,,,,,,,,,,,
日本ハム,26,田中 正義,1994.07.19,投手,,,"10,000",1994,07,32,07,,,,,,,,,,,,,,,,
日本ハム,15,北山 亘基,1999.04.10,投手,,,"9,500",1999,04,27,04,,,,,,,,,,,,,,,,
日本ハム,28,河野 竜生,1998.05.30,投手,,,"8,600",1998,05,28,05,,,,,,,,,,,,,,,,
日本ハム,37,古林 睿煬,2000.06.12,投手,,,"7,500",2000,06,26,06,,,,,,,,,,,,,,,,
日本ハム,19,玉井 大翔,1992.06.16,投手,,,"6,600",1992,06,34,06,,,,,,,,,,,,,,,,
日本ハム,25,宮西 尚生,1985.06.02,投手,,,"6,500",1985,06,41,06,,,,,,,,,,,,,,,,
日本ハム,22,杉浦 稔大,1992.02.25,投手,,,"6,000",1992,02,34,02,,,,,,,,,,,,,,,,
日本ハム,5,野村 佑希,2000.06.26,内野手,,,"5,800",2000,06,26,06,,,,,,,,,,,,,,,,
日本ハム,48,齋藤 友貴哉,1995.01.05,投手,,,"5,500",1995,01,31,01,,,,,,,,,,,,,,,,
日本ハム,52,池田 隆英,1994.10.01,投手,,,"5,200",1994,10,32,10,,,,,,,,,,,,,,,,
日本ハム,64,田宮 裕涼,2000.06.13,捕手,,,"5,000",2000,06,26,06,,,,,,,,,,,,,,,,
日本ハム,43,水野 達稀,2000.07.30,内野手,,,"5,000",2000,07,26,07,,,,,,,,,,,,,,,,
日本ハム,53,水谷 瞬,2001.03.09,外野手,,,"5,000",2001,03,25,03,,,,,,,,,,,,,,,,
日本ハム,20,上原 健太,1994.03.29,投手,,,"4,900",1994,03,32,03,,,,,,,,,,,,,,,,
日本ハム,24,金村 尚真,2000.08.29,投手,,,"4,800",2000,08,26,08,,,,,,,,,,,,,,,,
日本ハム,41,福谷 浩司,1991.01.09,投手,,,"4,500",1991,01,35,01,,,,,,,,,,,,,,,,
日本ハム,16,達 孝太,2004.03.27,投手,,,"4,200",2004,03,22,03,,,,,,,,,,,,,,,,
日本ハム,40,島本 浩也,1993.02.14,投手,,,"4,000",1993,02,33,02,,,,,,,,,,,,,,,,
日本ハム,50,五十幡 亮汰,1998.11.27,外野手,,,"4,000",1998,11,28,11,,,,,,,,,,,,,,,,
日本ハム,4,上川畑 大悟,1997.01.12,内野手,,,"3,900",1997,01,29,01,,,,,,,,,,,,,,,,
日本ハム,47,柳川 大晟,2003.08.21,投手,,,"3,400",2003,08,23,08,,,,,,,,,,,,,,,,
日本ハム,67,山本 拓実,2000.01.31,投手,,,"3,200",2000,01,26,01,,,,,,,,,,,,,,,,
日本ハム,13,生田目 翼,1995.02.19,投手,,,"2,950",1995,02,31,02,,,,,,,,,,,,,,,,
日本ハム,45,福島 蓮,2003.04.25,投手,,,"2,900",2003,04,23,04,,,,,,,,,,,,,,,,
日本ハム,8,淺間 大基,1996.06.21,外野手,,,"2,800",1996,06,30,06,,,,,,,,,,,,,,,,
日本ハム,34,堀 瑞輝,1998.05.10,投手,,,"2,800",1998,05,28,05,,,,,,,,,,,,,,,,
日本ハム,12,矢澤 宏太,2000.08.02,投手,,,"2,600",2000,08,26,08,,,,,,,,,,,,,,,,
日本ハム,9,中島 卓也,1991.01.11,内野手,,,"2,500",1991,01,35,01,,,,,,,,,,,,,,,,
日本ハム,58,奈良間 大己,2000.05.08,内野手,,,"2,500",2000,05,26,05,,,,,,,,,,,,,,,,
日本ハム,7,西川 遥輝,1992.04.16,外野手,,,"2,000",1992,04,34,04,,,,,,,,,,,,,,,,
日本ハム,10,清水 優心,1996.05.22,捕手,,,"2,000",1996,05,30,05,,,,,,,,,,,,,,,,
日本ハム,55,菊地 大稀,1999.06.02,投手,,,"2,000",1999,06,27,06,,,,,,,,,,,,,,,,
日本ハム,29,細野 晴希,2002.02.26,投手,,,"1,700",2002,02,24,02,,,,,,,,,,,,,,,,
日本ハム,61,今川 優馬,1997.01.25,外野手,,,"1,600",1997,01,29,01,,,,,,,,,,,,,,,,
日本ハム,38,L.リン,1997.06.26,捕手,,,"1,600",1997,06,29,06,,,,,,,,,,,,,,,,
日本ハム,54,山縣 秀,2002.05.01,内野手,,,"1,600",2002,05,24,05,,,,,,,,,,,,,,,,
日本ハム,159,根本 悠楓,2003.03.31,投手,,,"1,300",2003,03,23,03,,,,,,,,,,,,,,,,
日本ハム,27,大川 慈英,2003.10.28,投手,,,"1,300",2003,10,23,10,,,,,,,,,,,,,,,,
日本ハム,60,吉田 賢吾,2001.01.18,捕手,,,"1,200",2001,01,25,01,,,,,,,,,,,,,,,,
日本ハム,33,進藤 勇也,2002.03.10,捕手,,,"1,200",2002,03,24,03,,,,,,,,,,,,,,,,
日本ハム,56,細川 凌平,2002.04.25,内野手,,,"1,150",2002,04,24,04,,,,,,,,,,,,,,,,
日本ハム,42,エドポロ ケイン,2003.07.02,外野手,,,"1,100",2003,07,23,07,,,,,,,,,,,,,,,,
日本ハム,35,浅利 太門,2002.09.06,投手,,,"1,000",2002,09,24,09,,,,,,,,,,,,,,,,
日本ハム,49,大塚 瑠晏,2003.10.26,内野手,,,"1,000",2003,10,23,10,,,,,,,,,,,,,,,,
日本ハム,36,宮崎 一樹,2001.08.30,外野手,,,990,2001,08,25,08,,,,,,,,,,,,,,,,
日本ハム,31,柴田 獅子,2006.04.18,投手,,,990,2006,04,20,04,,,,,,,,,,,,,,,,
日本ハム,98,梅林 優貴,1998.03.14,捕手,,,830,1998,03,28,03,,,,,,,,,,,,,,,,
日本ハム,140,福田 俊,1996.12.14,投手,,,800,1996,12,30,12,,,,,,,,,,,,,,,,
日本ハム,117,宮内 春輝,1996.05.25,投手,,,770,1996,05,30,05,,,,,,,,,,,,,,,,
日本ハム,63,山城 航太郎,2002.09.03,投手,,,770,2002,09,24,09,,,,,,,,,,,,,,,,
日本ハム,46,畔柳 亨丞,2003.05.03,投手,,,770,2003,05,23,05,,,,,,,,,,,,,,,,
日本ハム,32,藤田 琉生,2006.11.17,投手,,,770,2006,11,20,11,,,,,,,,,,,,,,,,
日本ハム,39,有薗 直輝,2003.05.21,内野手,,,730,2003,05,23,05,,,,,,,,,,,,,,,,
日本ハム,115,清宮 虎多朗,2000.05.26,投手,,,700,2000,05,26,05,,,,,,,,,,,,,,,,
日本ハム,116,松岡 洸希,2000.08.31,投手,,,660,2000,08,26,08,,,,,,,,,,,,,,,,
日本ハム,96,孫 易磊,2005.02.10,投手,,,600,2005,02,21,02,,,,,,,,,,,,,,,,
日本ハム,44,阪口 樂,2003.06.24,内野手,,,550,2003,06,23,06,,,,,,,,,,,,,,,,
日本ハム,154,安西 叶翔,2004.11.13,投手,,,530,2004,11,22,11,,,,,,,,,,,,,,,,
日本ハム,168,星野 ひので,2005.04.18,外野手,,,530,2005,04,21,04,,,,,,,,,,,,,,,,
日本ハム,65,明瀬 諒介,2005.08.25,内野手,,,530,2005,08,21,08,,,,,,,,,,,,,,,,
日本ハム,62,清水 大暉,2006.07.17,投手,,,530,2006,07,20,07,,,,,,,,,,,,,,,,
日本ハム,51,半田 南十,2007.05.10,内野手,,,530,2007,05,19,05,,,,,,,,,,,,,,,,
日本ハム,57,藤森 海斗,2007.06.27,捕手,,,530,2007,06,19,06,,,,,,,,,,,,,,,,
日本ハム,114,松本 遼大,2002.05.17,投手,,,400,2002,05,24,05,,,,,,,,,,,,,,,,
日本ハム,127,山口 アタル,1999.05.28,外野手,,,300,1999,05,27,05,,,,,,,,,,,,,,,,
日本ハム,125,藤田 大清,2004.08.23,外野手,,,300,2004,08,22,08,,,,,,,,,,,,,,,,
日本ハム,124,横山 永遠,2003.04.16,投手,,,260,2003,04,23,04,,,,,,,,,,,,,,,,
日本ハム,123,常谷 拓輝,2004.01.18,内野手,,,260,2004,01,22,01,,,,,,,,,,,,,,,,
日本ハム,111,濵田 泰希,2005.11.28,内野手,,,260,2005,11,21,11,,,,,,,,,,,,,,,,
日本ハム,113,加藤 大和,2006.01.12,投手,,,260,2006,01,20,01,,,,,,,,,,,,,,,,
日本ハム,122,澁谷 純希,2006.11.25,投手,,,260,2006,11,20,11,,,,,,,,,,,,,,,,
日本ハム,121,川勝 空人,2007.02.11,投手,,,260,2007,02,19,02,,,,,,,,,,,,,,,,
ロッテ,22,G.ポランコ,1991.09.14,外野手,,,"40,000",1991,09,35,09,,,,,,,,,,,,,,,,
ロッテ,99,N.ソト,1989.02.28,内野手,,,"30,000",1989,02,37,02,,,,,,,,,,,,,,,,
ロッテ,42,A.ジャクソン,1996.05.01,投手,,,"30,000",1996,05,30,05,,,,,,,,,,,,,,,,
ロッテ,8,中村 奨吾,1992.05.28,内野手,,,"20,000",1992,05,34,05,,,,,,,,,,,,,,,,
ロッテ,73,S.ロング,1995.07.08,投手,,,"20,000",1995,07,31,07,,,,,,,,,,,,,,,,
ロッテ,11,J.カスティーヨ,1996.01.10,投手,,,"20,000",1996,01,30,01,,,,,,,,,,,,,,,,
ロッテ,21,石川 柊太,1991.12.27,投手,,,"16,000",1991,12,35,12,,,,,,,,,,,,,,,,
ロッテ,29,西野 勇士,1991.03.06,投手,,,"15,000",1991,03,35,03,,,,,,,,,,,,,,,,
ロッテ,14,小島 和哉,1996.07.07,投手,,,"14,500",1996,07,30,07,,,,,,,,,,,,,,,,
ロッテ,16,種市 篤暉,1998.09.07,投手,,,"13,000",1998,09,28,09,,,,,,,,,,,,,,,,
ロッテ,52,益田 直也,1989.10.25,投手,,,"12,000",1989,10,37,10,,,,,,,,,,,,,,,,
ロッテ,7,藤岡 裕大,1993.08.08,内野手,,,"11,000",1993,08,33,08,,,,,,,,,,,,,,,,
ロッテ,1,藤原 恭大,2000.05.06,外野手,,,"8,000",2000,05,26,05,,,,,,,,,,,,,,,,
ロッテ,32,佐藤 都志也,1998.01.27,捕手,,,"7,200",1998,01,28,01,,,,,,,,,,,,,,,,
ロッテ,25,岡 大海,1991.07.15,外野手,,,"7,000",1991,07,35,07,,,,,,,,,,,,,,,,
ロッテ,27,田村 龍弘,1994.05.13,捕手,,,"7,000",1994,05,32,05,,,,,,,,,,,,,,,,
ロッテ,3,角中 勝也,1987.05.25,外野手,,,"6,000",1987,05,39,05,,,,,,,,,,,,,,,,
ロッテ,15,横山 陸人,2001.08.05,投手,,,"5,800",2001,08,25,08,,,,,,,,,,,,,,,,
ロッテ,47,鈴木 昭汰,1998.09.07,投手,,,"5,100",1998,09,28,09,,,,,,,,,,,,,,,,
ロッテ,0,髙部 瑛斗,1997.12.11,外野手,,,"5,000",1997,12,29,12,,,,,,,,,,,,,,,,
ロッテ,19,唐川 侑己,1989.07.05,投手,,,"4,400",1989,07,37,07,,,,,,,,,,,,,,,,
ロッテ,5,安田 尚憲,1999.04.15,内野手,,,"4,300",1999,04,27,04,,,,,,,,,,,,,,,,
ロッテ,37,小野 郁,1996.10.23,投手,,,"4,200",1996,10,30,10,,,,,,,,,,,,,,,,
ロッテ,6,西川 史礁,2003.03.25,外野手,,,"4,200",2003,03,23,03,,,,,,,,,,,,,,,,
ロッテ,4,友杉 篤輝,2000.11.07,内野手,,,"3,800",2000,11,26,11,,,,,,,,,,,,,,,,
ロッテ,34,高野 脩汰,1998.08.13,投手,,,"3,400",1998,08,28,08,,,,,,,,,,,,,,,,
ロッテ,36,坂本 光士郎,1994.09.09,投手,,,"3,300",1994,09,32,09,,,,,,,,,,,,,,,,
ロッテ,51,山口 航輝,2000.08.18,外野手,,,"3,000",2000,08,26,08,,,,,,,,,,,,,,,,
ロッテ,57,小川 龍成,1998.04.05,内野手,,,"2,700",1998,04,28,04,,,,,,,,,,,,,,,,
ロッテ,56,中森 俊介,2002.05.29,投手,,,"2,600",2002,05,24,05,,,,,,,,,,,,,,,,
ロッテ,50,愛斗,1997.04.06,外野手,,,"2,400",1997,04,29,04,,,,,,,,,,,,,,,,
ロッテ,23,石川 慎吾,1993.04.27,外野手,,,"2,300",1993,04,33,04,,,,,,,,,,,,,,,,
ロッテ,35,田中 晴也,2004.06.06,投手,,,"2,300",2004,06,22,06,,,,,,,,,,,,,,,,
ロッテ,65,寺地 隆成,2005.08.19,捕手,,,"2,200",2005,08,21,08,,,,,,,,,,,,,,,,
ロッテ,63,和田 康士朗,1999.01.14,外野手,,,"2,000",1999,01,27,01,,,,,,,,,,,,,,,,
ロッテ,0,池田 来翔,1999.12.11,内野手,,,"2,000",1999,12,27,12,,,,,,,,,,,,,,,,
ロッテ,28,菊地 吏玖,2000.06.13,投手,,,"2,000",2000,06,26,06,,,,,,,,,,,,,,,,
ロッテ,10,上田 希由翔,2001.08.12,内野手,,,"2,000",2001,08,25,08,,,,,,,,,,,,,,,,
ロッテ,53,木村 優人,2005.06.01,投手,,,"2,000",2005,06,21,06,,,,,,,,,,,,,,,,
ロッテ,54,澤田 圭佑,1994.04.27,投手,,,"1,940",1994,04,32,04,,,,,,,,,,,,,,,,
ロッテ,24,東妻 勇輔,1996.04.04,投手,,,"1,800",1996,04,30,04,,,,,,,,,,,,,,,,
ロッテ,33,八木 彬,1997.05.26,投手,,,"1,800",1997,05,29,05,,,,,,,,,,,,,,,,
ロッテ,67,茶谷 健太,1998.01.16,内野手,,,"1,800",1998,01,28,01,,,,,,,,,,,,,,,,
ロッテ,61,山本 大斗,2002.08.09,外野手,,,"1,800",2002,08,24,08,,,,,,,,,,,,,,,,
ロッテ,18,石垣 元気,2007.08.16,投手,,,"1,600",2007,08,19,08,,,,,,,,,,,,,,,,
ロッテ,44,宮崎 竜成,2000.12.09,内野手,,,"1,500",2000,12,26,12,,,,,,,,,,,,,,,,
ロッテ,2,松川 虎生,2003.10.20,捕手,,,"1,400",2003,10,23,10,,,,,,,,,,,,,,,,
ロッテ,30,廣畑 敦也,1997.12.03,投手,,,"1,300",1997,12,29,12,,,,,,,,,,,,,,,,
ロッテ,64,廣池 康志郎,2002.09.16,投手,,,"1,300",2002,09,24,09,,,,,,,,,,,,,,,,
ロッテ,58,河村 説人,1997.06.18,投手,,,"1,200",1997,06,29,06,,,,,,,,,,,,,,,,
ロッテ,13,毛利 海大,2003.09.14,投手,,,"1,200",2003,09,23,09,,,,,,,,,,,,,,,,
ロッテ,138,山﨑 剛,1995.12.29,内野手,,,"1,000",1995,12,31,12,,,,,,,,,,,,,,,,
ロッテ,121,本前 郁也,1997.10.02,投手,,,"1,000",1997,10,29,10,,,,,,,,,,,,,,,,
ロッテ,49,立松 由宇,1999.02.05,内野手,,,"1,000",1999,02,27,02,,,,,,,,,,,,,,,,
ロッテ,39,井上 広大,2001.08.12,外野手,,,"1,000",2001,08,25,08,,,,,,,,,,,,,,,,
ロッテ,46,冨士 隼斗,2002.03.10,投手,,,"1,000",2002,03,24,03,,,,,,,,,,,,,,,,
ロッテ,41,一條 力真,2003.02.10,投手,,,"1,000",2003,02,23,02,,,,,,,,,,,,,,,,
ロッテ,31,大谷 輝龍,2000.07.11,投手,,,920,2000,07,26,07,,,,,,,,,,,,,,,,
ロッテ,43,石垣 雅海,1998.09.21,内野手,,,900,1998,09,28,09,,,,,,,,,,,,,,,,
ロッテ,60,大聖,2002.01.29,投手,,,800,2002,01,24,01,,,,,,,,,,,,,,,,
ロッテ,59,早坂 響,2005.07.26,投手,,,710,2005,07,21,07,,,,,,,,,,,,,,,,
ロッテ,66,宮﨑 颯,2000.06.14,投手,,,700,2000,06,26,06,,,,,,,,,,,,,,,,
ロッテ,45,植田 将太,1997.12.18,捕手,,,600,1997,12,29,12,,,,,,,,,,,,,,,,
ロッテ,62,坂井 遼,2006.05.08,投手,,,600,2006,05,20,05,,,,,,,,,,,,,,,,
ロッテ,40,奥村 頼人,2007.09.08,投手,,,600,2007,09,19,09,,,,,,,,,,,,,,,,
ロッテ,55,櫻井 ユウヤ,2007.06.30,内野手,,,560,2007,06,19,06,,,,,,,,,,,,,,,,
ロッテ,122,森 遼大朗,1999.04.22,投手,,,550,1999,04,27,04,,,,,,,,,,,,,,,,
ロッテ,124,中村 亮太,1998.05.18,投手,,,500,1998,05,28,05,,,,,,,,,,,,,,,,
ロッテ,140,S.アセベド,2002.08.02,外野手,,,500,2002,08,24,08,,,,,,,,,,,,,,,,
ロッテ,123,秋山 正雲,2003.04.29,投手,,,500,2003,04,23,04,,,,,,,,,,,,,,,,
ロッテ,120,金田 優太,2005.02.12,内野手,,,500,2005,02,21,02,,,,,,,,,,,,,,,,
ロッテ,91,吉川 悠斗,2005.03.14,投手,,,500,2005,03,21,03,,,,,,,,,,,,,,,,
ロッテ,69,岡村 了樹,2007.05.03,捕手,,,460,2007,05,19,05,,,,,,,,,,,,,,,,
ロッテ,132,長島 幸佑,2002.07.05,投手,,,310,2002,07,24,07,,,,,,,,,,,,,,,,
ロッテ,128,杉山 諒,2003.11.22,外野手,,,300,2003,11,23,11,,,,,,,,,,,,,,,,
ロッテ,125,永島田 輝斗,2003.11.30,投手,,,300,2003,11,23,11,,,,,,,,,,,,,,,,
ロッテ,135,髙野 光海,2004.06.17,外野手,,,290,2004,06,22,06,,,,,,,,,,,,,,,,
ロッテ,129,勝又 琉偉,2004.10.07,内野手,,,290,2004,10,22,10,,,,,,,,,,,,,,,,
ロッテ,137,富山 紘之進,2005.09.18,捕手,,,280,2005,09,21,09,,,,,,,,,,,,,,,,
ロッテ,133,武内 涼太,2005.10.25,投手,,,280,2005,10,21,10,,,,,,,,,,,,,,,,
ロッテ,136,藤田 和樹,2005.11.04,外野手,,,280,2005,11,21,11,,,,,,,,,,,,,,,,
ロッテ,134,松石 信八,2005.12.18,内野手,,,280,2005,12,21,12,,,,,,,,,,,,,,,,
ロッテ,127,髙橋 快秀,2005.12.21,投手,,,280,2005,12,21,12,,,,,,,,,,,,,,,,
ロッテ,131,茨木 佑太,2006.05.09,投手,,,270,2006,05,20,05,,,,,,,,,,,,,,,,
ロッテ,130,谷村 剛,2006.09.15,内野手,,,270,2006,09,20,09,,,,,,,,,,,,,,,,
ロッテ,126,中山 優人,2007.04.18,投手,,,260,2007,04,19,04,,,,,,,,,,,,,,,,
ロッテ,139,C.ラドニー,2005.03.27,投手,,,250,2005,03,21,03,,,,,,,,,,,,,,,,
西武,6,源田 壮亮,1993.02.16,内野手,,,"30,000",1993,02,33,02,,,,,,,,,,,,,,,,
西武,26,T.ネビン,1997.05.29,内野手,,,"30,000",1997,05,29,05,,,,,,,,,,,,,,,,
西武,61,平良 海馬,1999.11.15,投手,,,"30,000",1999,11,27,11,,,,,,,,,,,,,,,,
西武,13,髙橋 光成,1997.02.03,投手,,,"25,000",1997,02,29,02,,,,,,,,,,,,,,,,
西武,5,外崎 修汰,1992.12.20,内野手,,,"16,000",1992,12,34,12,,,,,,,,,,,,,,,,
西武,16,隅田 知一郎,1999.08.20,投手,,,"16,000",1999,08,27,08,,,,,,,,,,,,,,,,
西武,45,T.ウィンゲンター,1994.04.15,投手,,,"15,000",1994,04,32,04,,,,,,,,,,,,,,,,
西武,73,林 安可,1997.05.19,外野手,,,"15,000",1997,05,29,05,,,,,,,,,,,,,,,,
西武,25,A.カナリオ,2000.05.07,外野手,,,"15,000",2000,05,26,05,,,,,,,,,,,,,,,,
西武,56,E.ラミレス,1994.07.15,投手,,,"13,000",1994,07,32,07,,,,,,,,,,,,,,,,
西武,7,桑原 将志,1993.07.21,外野手,,,"12,000",1993,07,33,07,,,,,,,,,,,,,,,,
西武,30,A.ワイナンス,1995.08.10,投手,,,"12,000",1995,08,31,08,,,,,,,,,,,,,,,,
西武,60,中村 剛也,1983.08.15,内野手,,,"7,500",1983,08,43,08,,,,,,,,,,,,,,,,
西武,34,甲斐野 央,1996.11.16,投手,,,"6,800",1996,11,30,11,,,,,,,,,,,,,,,,
西武,22,古賀 悠斗,1999.09.10,捕手,,,"6,600",1999,09,27,09,,,,,,,,,,,,,,,,
西武,1,栗山 巧,1983.09.03,外野手,,,"6,000",1983,09,43,09,,,,,,,,,,,,,,,,
西武,51,西川 愛也,1999.06.10,外野手,,,"5,700",1999,06,27,06,,,,,,,,,,,,,,,,
西武,12,渡邉 勇太朗,2000.09.21,投手,,,"4,300",2000,09,26,09,,,,,,,,,,,,,,,,
西武,27,炭谷 銀仁朗,1987.07.19,捕手,,,"4,000",1987,07,39,07,,,,,,,,,,,,,,,,
西武,4,石井 一成,1994.05.06,内野手,,,"4,000",1994,05,32,05,,,,,,,,,,,,,,,,
西武,15,與座 海人,1995.09.15,投手,,,"4,000",1995,09,31,09,,,,,,,,,,,,,,,,
西武,17,松本 航,1996.11.28,投手,,,"4,000",1996,11,30,11,,,,,,,,,,,,,,,,
西武,42,ボー・タカハシ,1997.01.23,投手,,,"4,000",1997,01,29,01,,,,,,,,,,,,,,,,
西武,21,武内 夏暉,2001.07.21,投手,,,"3,850",2001,07,25,07,,,,,,,,,,,,,,,,
西武,19,佐藤 隼輔,2000.01.03,投手,,,"3,800",2000,01,26,01,,,,,,,,,,,,,,,,
西武,63,長谷川 信哉,2002.05.17,外野手,,,"3,400",2002,05,24,05,,,,,,,,,,,,,,,,
西武,62,滝澤 夏央,2003.08.13,内野手,,,"3,200",2003,08,23,08,,,,,,,,,,,,,,,,
西武,8,渡部 聖弥,2002.08.31,外野手,,,"3,100",2002,08,24,08,,,,,,,,,,,,,,,,
西武,36,山田 陽翔,2004.05.09,投手,,,"3,000",2004,05,22,05,,,,,,,,,,,,,,,,
西武,54,黒木 優太,1994.08.16,投手,,,"2,400",1994,08,32,08,,,,,,,,,,,,,,,,
西武,32,山村 崇嘉,2002.09.28,内野手,,,"2,300",2002,09,24,09,,,,,,,,,,,,,,,,
西武,68,岸 潤一郎,1996.12.08,外野手,,,"1,900",1996,12,30,12,,,,,,,,,,,,,,,,
西武,9,蛭間 拓哉,2000.09.08,外野手,,,"1,900",2000,09,26,09,,,,,,,,,,,,,,,,
西武,58,中村 祐太,1995.08.31,投手,,,"1,800",1995,08,31,08,,,,,,,,,,,,,,,,
西武,37,柘植 世那,1997.06.03,捕手,,,"1,700",1997,06,29,06,,,,,,,,,,,,,,,,
西武,10,小島 大河,2003.10.27,捕手,,,"1,500",2003,10,23,10,,,,,,,,,,,,,,,,
西武,127,森脇 亮介,1992.07.13,投手,,,"1,400",1992,07,34,07,,,,,,,,,,,,,,,,
西武,115,佐々木 健,1996.05.13,投手,,,"1,400",1996,05,30,05,,,,,,,,,,,,,,,,
西武,39,平沢 大河,1997.12.24,内野手,,,"1,400",1997,12,29,12,,,,,,,,,,,,,,,,
西武,0,児玉 亮涼,1998.07.10,内野手,,,"1,400",1998,07,28,07,,,,,,,,,,,,,,,,
西武,31,茶野 篤政,1999.08.04,外野手,,,"1,400",1999,08,27,08,,,,,,,,,,,,,,,,
西武,71,菅井 信也,2003.06.28,投手,,,"1,400",2003,06,23,06,,,,,,,,,,,,,,,,
西武,11,上田 大河,2001.11.15,投手,,,"1,250",2001,11,25,11,,,,,,,,,,,,,,,,
西武,20,岩城 颯空,2003.09.17,投手,,,"1,250",2003,09,23,09,,,,,,,,,,,,,,,,
西武,136,高橋 礼,1995.11.02,投手,,,"1,200",1995,11,31,11,,,,,,,,,,,,,,,,
西武,0,仲田 慶介,1999.07.25,内野手,,,"1,200",1999,07,27,07,,,,,,,,,,,,,,,,
西武,29,青山 美夏人,2000.07.19,投手,,,"1,200",2000,07,26,07,,,,,,,,,,,,,,,,
西武,120,野村 大樹,2000.09.10,捕手,,,"1,200",2000,09,26,09,,,,,,,,,,,,,,,,
西武,35,秋山 俊,2003.04.20,外野手,,,"1,200",2003,04,23,04,,,,,,,,,,,,,,,,
西武,23,糸川 亮太,1998.04.30,投手,,,"1,150",1998,04,28,04,,,,,,,,,,,,,,,,
西武,50,髙松 渡,1999.07.02,内野手,,,"1,150",1999,07,27,07,,,,,,,,,,,,,,,,
西武,43,羽田 慎之介,2003.12.25,投手,,,"1,100",2003,12,23,12,,,,,,,,,,,,,,,,
西武,53,牧野 翔矢,2001.03.04,捕手,,,"1,000",2001,03,25,03,,,,,,,,,,,,,,,,
西武,2,齋藤 大翔,2007.01.27,内野手,,,"1,000",2007,01,19,01,,,,,,,,,,,,,,,,
西武,99,村田 怜音,2001.08.04,内野手,,,950,2001,08,25,08,,,,,,,,,,,,,,,,
西武,44,林 冠臣,2002.12.30,外野手,,,950,2002,12,24,12,,,,,,,,,,,,,,,,
西武,40,堀越 啓太,2003.07.15,投手,,,900,2003,07,23,07,,,,,,,,,,,,,,,,
西武,59,横田 蒼和,2007.10.24,内野手,,,900,2007,10,19,10,,,,,,,,,,,,,,,,
西武,117,宮澤 太成,1999.04.15,投手,,,800,1999,04,27,04,,,,,,,,,,,,,,,,
西武,90,浜屋 将太,1999.01.26,投手,,,750,1999,01,27,01,,,,,,,,,,,,,,,,
西武,70,豆田 泰志,2003.01.15,投手,,,750,2003,01,23,01,,,,,,,,,,,,,,,,
西武,33,古川 雄大,2004.05.25,外野手,,,750,2004,05,22,05,,,,,,,,,,,,,,,,
西武,57,黒田 将矢,2004.01.24,投手,,,730,2004,01,22,01,,,,,,,,,,,,,,,,
西武,119,古賀 輝希,2000.08.25,内野手,,,700,2000,08,26,08,,,,,,,,,,,,,,,,
西武,66,川田 悠慎,2002.02.20,外野手,,,700,2002,02,24,02,,,,,,,,,,,,,,,,
西武,47,杉山 遙希,2005.09.23,投手,,,700,2005,09,21,09,,,,,,,,,,,,,,,,
西武,52,篠原 響,2006.09.20,投手,,,700,2006,09,20,09,,,,,,,,,,,,,,,,
西武,46,狩生 聖真,2006.12.25,投手,,,700,2006,12,20,12,,,,,,,,,,,,,,,,
西武,55,仲三河 優太,2002.10.22,外野手,,,650,2002,10,24,10,,,,,,,,,,,,,,,,
西武,41,成田 晴風,2006.02.27,投手,,,650,2006,02,20,02,,,,,,,,,,,,,,,,
西武,116,奥村 光一,1999.12.24,外野手,,,620,1999,12,27,12,,,,,,,,,,,,,,,,
西武,38,佐藤 太陽,2002.05.19,内野手,,,600,2002,05,24,05,,,,,,,,,,,,,,,,
西武,113,野田 海人,2005.03.18,捕手,,,600,2005,03,21,03,,,,,,,,,,,,,,,,
西武,64,龍山 暖,2006.05.13,捕手,,,600,2006,05,20,05,,,,,,,,,,,,,,,,
西武,114,上間 永遠,2001.01.31,投手,,,500,2001,01,25,01,,,,,,,,,,,,,,,,
西武,121,三浦 大輝,2000.04.07,投手,,,400,2000,04,26,04,,,,,,,,,,,,,,,,
西武,122,是澤 涼輔,2000.04.19,捕手,,,400,2000,04,26,04,,,,,,,,,,,,,,,,
西武,125,シンクレア,2001.06.12,投手,,,400,2001,06,25,06,,,,,,,,,,,,,,,,
西武,144,J.ゴンザレス,2002.08.30,投手,,,400,2002,08,24,08,,,,,,,,,,,,,,,,
西武,134,正木 悠馬,2002.11.19,投手,,,400,2002,11,24,11,,,,,,,,,,,,,,,,
西武,135,安藤 銀杜,2003.02.04,外野手,,,400,2003,02,23,02,,,,,,,,,,,,,,,,
西武,133,佐藤 爽,2003.02.09,投手,,,400,2003,02,23,02,,,,,,,,,,,,,,,,
西武,118,斎藤 佳紳,2003.03.16,投手,,,400,2003,03,23,03,,,,,,,,,,,,,,,,
西武,128,平口 寛人,2003.04.15,投手,,,400,2003,04,23,04,,,,,,,,,,,,,,,,
西武,145,R.オリバー,2004.01.01,投手,,,400,2004,01,22,01,,,,,,,,,,,,,,,,
西武,140,J.コルニエル,2002.10.02,内野手,,,320,2002,10,24,10,,,,,,,,,,,,,,,,
西武,142,フレッド,2002.11.24,投手,,,320,2002,11,24,11,,,,,,,,,,,,,,,,
西武,143,カルロス,2003.08.26,外野手,,,320,2003,08,23,08,,,,,,,,,,,,,,,,
西武,130,金子 功児,2003.09.02,内野手,,,320,2003,09,23,09,,,,,,,,,,,,,,,,
西武,141,ムサ,2005.07.26,投手,,,320,2005,07,21,07,,,,,,,,,,,,,,,,
西武,126,谷口 朝陽,2004.04.03,内野手,,,280,2004,04,22,04,,,,,,,,,,,,,,,,
西武,129,川下 将勲,2005.04.03,投手,,,280,2005,04,21,04,,,,,,,,,,,,,,,,
西武,131,木瀬 翔太,2005.04.05,投手,,,280,2005,04,21,04,,,,,,,,,,,,,,,,
西武,138,福尾 遥真,2006.04.06,内野手,,,280,2006,04,20,04,,,,,,,,,,,,,,,,
西武,132,ラマル,2006.04.08,外野手,,,280,2006,04,20,04,,,,,,,,,,,,,,,,
西武,139,オケム,2006.04.10,外野手,,,280,2006,04,20,04,,,,,,,,,,,,,,,,
西武,137,澤田 遥斗,2006.07.30,外野手,,,280,2006,07,20,07,,,,,,,,,,,,,,,,
西武,123,冨士 大和,2006.08.26,投手,,,280,2006,08,20,08,,,,,,,,,,,,,,,,
西武,112,今岡 拓夢,2007.09.05,内野手,,,280,2007,09,19,09,,,,,,,,,,,,,,,,
西武,124,濱岡 蒼太,2007.10.10,投手,,,280,2007,10,19,10,,,,,,,,,,,,,,,,
西武,111,新井 唯斗,2007.11.11,内野手,,,280,2007,11,19,11,,,,,,,,,,,,,,,,
楽天,3,浅村 栄斗,1990.11.12,内野手,,,"50,000",1990,11,36,11,,,,,,,,,,,,,,,,
楽天,9,L.ボイト,1991.02.13,内野手,,,"24,000",1991,02,35,02,,,,,,,,,,,,,,,,
楽天,18,前田 健太,1988.04.11,投手,,,"20,000",1988,04,38,03,,,,,,,,,,,,,,,,
楽天,22,J.ウレーニャ,1991.09.12,投手,,,"19,000",1991,09,35,04,,,,,,,,,,,,,,,,
楽天,11,岸 孝之,1984.12.04,投手,,,"18,000",1984,12,42,05,,,,,,,,,,,,,,,,
楽天,8,辰己 涼介,1996.12.27,外野手,,,"17,000",1996,12,30,06,,,,,,,,,,,,,,,,
楽天,12,O.ゴンザレス,1998.01.10,外野手,,,"16,000",1998,01,28,07,,,,,,,,,,,,,,,,
楽天,15,R.コントレラス,1999.11.07,投手,,,"16,000",1999,11,27,11,,,,,,,,,,,,,,,,
楽天,34,C.マッカスカー,1998.05.22,外野手,,,"13,000",1998,05,28,05,,,,,,,,,,,,,,,,
楽天,7,鈴木 大地,1989.08.18,内野手,,,"12,800",1989,08,37,08,,,,,,,,,,,,,,,,
楽天,6,村林 一輝,1997.10.06,内野手,,,"12,500",1997,10,29,10,,,,,,,,,,,,,,,,
楽天,43,宋 家豪,1992.09.06,投手,,,"10,000",1992,09,34,09,,,,,,,,,,,,,,,,
楽天,56,鈴木 翔天,1996.08.19,投手,,,"8,800",1996,08,30,08,,,,,,,,,,,,,,,,
楽天,0,小深田 大翔,1995.09.28,内野手,,,"8,500",1995,09,31,09,,,,,,,,,,,,,,,,
楽天,58,辛島 航,1990.10.18,投手,,,"8,000",1990,10,36,10,,,,,,,,,,,,,,,,
楽天,28,酒居 知史,1993.01.02,投手,,,"8,000",1993,01,33,01,,,,,,,,,,,,,,,,
楽天,46,藤平 尚真,1998.09.21,投手,,,"8,000",1998,09,28,09,,,,,,,,,,,,,,,,
楽天,51,小郷 裕哉,1996.08.03,外野手,,,"6,000",1996,08,30,08,,,,,,,,,,,,,,,,
楽天,21,早川 隆久,1998.07.06,投手,,,"6,000",1998,07,28,07,,,,,,,,,,,,,,,,
楽天,2,太田 光,1996.10.14,捕手,,,"5,800",1996,10,30,10,,,,,,,,,,,,,,,,
楽天,27,伊藤 光,1989.04.23,捕手,,,"5,200",1989,04,37,04,,,,,,,,,,,,,,,,
楽天,62,西口 直人,1996.11.14,投手,,,"5,000",1996,11,30,11,,,,,,,,,,,,,,,,
楽天,47,藤井 聖,1996.10.03,投手,,,"4,700",1996,10,30,10,,,,,,,,,,,,,,,,
楽天,69,内 星龍,2002.04.24,投手,,,"4,400",2002,04,24,04,,,,,,,,,,,,,,,,
楽天,57,瀧中 瞭太,1994.12.20,投手,,,"4,000",1994,12,32,12,,,,,,,,,,,,,,,,
楽天,19,荘司 康誠,2000.10.13,投手,,,"4,000",2000,10,26,10,,,,,,,,,,,,,,,,
楽天,1,宗山 塁,2003.02.27,内野手,,,"4,000",2003,02,23,02,,,,,,,,,,,,,,,,
楽天,17,古謝 樹,2001.08.18,投手,,,"3,950",2001,08,25,08,,,,,,,,,,,,,,,,
楽天,49,西垣 雅矢,1999.06.21,投手,,,"3,700",1999,06,27,06,,,,,,,,,,,,,,,,
楽天,32,中島 大輔,2001.06.04,外野手,,,"3,700",2001,06,25,06,,,,,,,,,,,,,,,,
楽天,31,渡辺 翔太,2000.10.29,投手,,,"3,600",2000,10,26,10,,,,,,,,,,,,,,,,
楽天,41,加治屋 蓮,1991.11.25,投手,,,"3,400",1991,11,35,11,,,,,,,,,,,,,,,,
楽天,66,今野 龍太,1995.05.11,投手,,,"3,300",1995,05,31,05,,,,,,,,,,,,,,,,
楽天,24,黒川 史陽,2001.04.17,内野手,,,"3,300",2001,04,25,04,,,,,,,,,,,,,,,,
楽天,25,田中 和基,1994.08.08,外野手,,,"3,000",1994,08,32,08,,,,,,,,,,,,,,,,
楽天,35,渡邊 佳明,1997.01.08,内野手,,,"2,800",1997,01,29,01,,,,,,,,,,,,,,,,
楽天,38,佐藤 直樹,1998.09.03,外野手,,,"2,700",1998,09,28,09,,,,,,,,,,,,,,,,
楽天,39,伊藤 裕季也,1996.08.30,内野手,,,"1,900",1996,08,30,08,,,,,,,,,,,,,,,,
楽天,70,石原 彪,1999.03.08,捕手,,,"1,600",1999,03,27,03,,,,,,,,,,,,,,,,
楽天,13,藤原 聡大,2003.11.20,投手,,,"1,600",2003,11,23,11,,,,,,,,,,,,,,,,
楽天,65,堀内 謙伍,1997.04.15,捕手,,,"1,500",1997,04,29,04,,,,,,,,,,,,,,,,
楽天,52,津留﨑 大成,1997.10.10,投手,,,"1,500",1997,10,29,10,,,,,,,,,,,,,,,,
楽天,40,江原 雅裕,2000.08.03,投手,,,"1,400",2000,08,26,08,,,,,,,,,,,,,,,,
楽天,55,YG安田,2000.03.03,捕手,,,"1,300",2000,03,26,03,,,,,,,,,,,,,,,,
楽天,29,田中 千晴,2000.09.21,投手,,,"1,300",2000,09,26,09,,,,,,,,,,,,,,,,
楽天,50,武藤 敦貴,2001.06.15,外野手,,,"1,250",2001,06,25,06,,,,,,,,,,,,,,,,
楽天,20,伊藤 樹,2003.08.24,投手,,,"1,100",2003,08,23,08,,,,,,,,,,,,,,,,
楽天,26,中込 陽翔,2002.01.23,投手,,,"1,000",2002,01,24,01,,,,,,,,,,,,,,,,
楽天,29,德山 一翔,2002.04.11,投手,,,"1,000",2002,04,24,04,,,,,,,,,,,,,,,,
楽天,30,繁永 晟,2003.04.25,内野手,,,"1,000",2003,04,23,04,,,,,,,,,,,,,,,,
楽天,71,柴田 大地,1997.11.07,投手,,,900,1997,11,29,11,,,,,,,,,,,,,,,,
楽天,45,九谷 瑠,1999.11.05,投手,,,900,1999,11,27,11,,,,,,,,,,,,,,,,
楽天,44,田中 貴也,1992.08.27,捕手,,,850,1992,08,34,08,,,,,,,,,,,,,,,,
楽天,73,小森 航大郎,2003.04.30,内野手,,,850,2003,04,23,04,,,,,,,,,,,,,,,,
楽天,48,平良 竜哉,1998.07.09,内野手,,,800,1998,07,28,07,,,,,,,,,,,,,,,,
楽天,78,吉野 創士,2003.10.27,外野手,,,790,2003,10,23,10,,,,,,,,,,,,,,,,
楽天,64,林 優樹,2001.10.29,投手,,,750,2001,10,25,10,,,,,,,,,,,,,,,,
楽天,59,泰 勝利,2003.11.11,投手,,,750,2003,11,23,11,,,,,,,,,,,,,,,,
楽天,36,吉納 翼,2002.08.16,外野手,,,730,2002,08,24,08,,,,,,,,,,,,,,,,
楽天,61,松田 啄磨,2002.02.26,投手,,,700,2002,02,24,02,,,,,,,,,,,,,,,,
楽天,42,阪上 翔也,2003.11.01,外野手,,,700,2003,11,23,11,,,,,,,,,,,,,,,,
楽天,53,坂井 陽翔,2005.04.05,投手,,,640,2005,04,21,04,,,,,,,,,,,,,,,,
楽天,54,日當 直喜,2005.07.06,投手,,,610,2005,07,21,07,,,,,,,,,,,,,,,,
楽天,63,入江 大樹,2002.06.06,内野手,,,580,2002,06,24,06,,,,,,,,,,,,,,,,
楽天,75,陽 柏翔,2005.01.23,内野手,,,550,2005,01,21,01,,,,,,,,,,,,,,,,
楽天,60,ワォーターズ 璃海ジュミル,2005.10.14,内野手,,,550,2005,10,21,10,,,,,,,,,,,,,,,,
楽天,67,大内 誠弥,2006.03.09,投手,,,550,2006,03,20,03,,,,,,,,,,,,,,,,
楽天,72,大栄 利哉,2007.04.23,捕手,,,550,2007,04,19,04,,,,,,,,,,,,,,,,
楽天,79,伊藤 大晟,2007.10.27,投手,,,550,2007,10,19,10,,,,,,,,,,,,,,,,
楽天,79,前田 銀治,2003.11.19,外野手,,,525,2003,11,23,11,,,,,,,,,,,,,,,,
楽天,68,青野 拓海,2005.07.26,内野手,,,520,2005,07,21,07,,,,,,,,,,,,,,,,
楽天,22,水上 桂,2001.07.05,捕手,,,450,2001,07,25,07,,,,,,,,,,,,,,,,
楽天,61,古賀 康誠,2004.09.03,投手,,,430,2004,09,22,09,,,,,,,,,,,,,,,,
楽天,197,蕭 齊,2006.01.04,投手,,,300,2006,01,20,01,,,,,,,,,,,,,,,,
楽天,122,島原 大河,2002.02.22,捕手,,,250,2002,02,24,02,,,,,,,,,,,,,,,,
楽天,133,中沢 匠磨,2003.08.06,投手,,,250,2003,08,23,08,,,,,,,,,,,,,,,,
楽天,134,金子 京介,2004.01.18,内野手,,,250,2004,01,22,01,,,,,,,,,,,,,,,,
楽天,129,大坪 梓恩,2004.02.02,外野手,,,250,2004,02,22,02,,,,,,,,,,,,,,,,
楽天,126,幌村 黛汰,2004.08.08,外野手,,,250,2004,08,22,08,,,,,,,,,,,,,,,,
楽天,132,岸本 佑也,2007.01.30,内野手,,,250,2007,01,19,01,,,,,,,,,,,,,,,,
,,,,,,,,,,,,,,,,,,,,,,,,,,,
,,,,,,,,,,,,,,,,,,,,,,,,,,,
,,,,,,,,,,,,,,,,,,,,,,,,,,,
,,,,,,,,,,,,,,,,,,,,,,,,,,,
,,,,,,,,,,,,,,,,,,,,,,,,,,,
,,,,,,,,,,,,,,,,,,,,,,,,,,,
,,,,,,,,,,,,,,,,,,,,,,,,,,,
,,,,,,,,,,,,,,,,,,,,,,,,,,,
,,,,,,,,,,,,,,,,,,,,,,,,,,,
,,,,,,,,,,,,,,,,,,,,,,,,,,,
,,,,,,,,,,,,,,,,,,,,,,,,,,,
,,,,,,,,,,,,,,,,,,,,,,,,,,,
,,,,,,,,,,,,,,,,,,,,,,,,,,,
,,,,,,,,,,,,,,,,,,,,,,,,,,,
,,,,,,,,,,,,,,,,,,,,,,,,,,,
,,,,,,,,,,,,,,,,,,,,,,,,,,,
,,,,,,,,,,,,,,,,,,,,,,,,,,,
,,,,,,,,,,,,,,,,,,,,,,,,,,,
,,,,,,,,,,,,,,,,,,,,,,,,,,,
,,,,,,,,,,,,,,,,,,,,,,,,,,,
,,,,,,,,,,,,,,,,,,,,,,,,,,,
,,,,,,,,,,,,,,,,,,,,,,,,,,,
,,,,,,,,,,,,,,,,,,,,,,,,,,,
,,,,,,,,,,,,,,,,,,,,,,,,,,,
,,,,,,,,,,,,,,,,,,,,,,,,,,,
,,,,,,,,,,,,,,,,,,,,,,,,,,,
,,,,,,,,,,,,,,,,,,,,,,,,,,,
,,,,,,,,,,,,,,,,,,,,,,,,,,,
,,,,,,,,,,,,,,,,,,,,,,,,,,,
,,,,,,,,,,,,,,,,,,,,,,,,,,,
,,,,,,,,,,,,,,,,,,,,,,,,,,,
,,,,,,,,,,,,,,,,,,,,,,,,,,,
,,,,,,,,,,,,,,,,,,,,,,,,,,,
,,,,,,,,,,,,,,,,,,,,,,,,,,,
,,,,,,,,,,,,,,,,,,,,,,,,,,,
,,,,,,,,,,,,,,,,,,,,,,,,,,,
,,,,,,,,,,,,,,,,,,,,,,,,,,,
,,,,,,,,,,,,,,,,,,,,,,,,,,,
,,,,,,,,,,,,,,,,,,,,,,,,,,,
,,,,,,,,,,,,,,,,,,,,,,,,,,,
,,,,,,,,,,,,,,,,,,,,,,,,,,,
OB,,村山 実,1985,投手,,,,1985,,55,,,,,,,,,,,,,,,,,
OB,,江夏 豊,1962,投手,,,,1962,,78,,,,,,,,,,,,,,,,,
OB,,井川 慶,1990,投手,,,,1990,,50,,,,,,,,,,,,,,,,,
OB,,藪 恵壹,1987,投手,,,,1987,,53,,,,,,,,,,,,,,,,,
OB,,小林 繁,1987,投手,,,,1987,,53,,,,,,,,,,,,,,,,,
OB,,藤浪 晋太郎,1978,投手,,,,1978,,62,,,,,,,,,,,,,,,,,
OB,,能見 篤史,1995,投手,,,,1995,,45,,,,,,,,,,,,,,,,,
OB,,久保田 智之,1991,投手,,,,1991,,49,,,,,,,,,,,,,,,,,
OB,,小山 正明,1953,投手,,,,1953,,87,,,,,,,,,,,,,,,,,
OB,,遠山 奬志,1964,投手,,,,1964,,76,,,,,,,,,,,,,,,,,
OB,,ウィリアムス,1988,投手,,,,1988,,52,,,,,,,,,,,,,,,,,
OB,,藤川 球児,1988,投手,,,,1988,,52,,,,,,,,,,,,,,,,,
OB,,田淵 幸一,1974,捕手,,,,1974,,66,,,,,,,,,,,,,,,,,
OB,,バース,2000,内野手,,,,2000,,40,,,,,,,,,,,,,,,,,
OB,,岡田 彰布,1996,内野手,,,,1996,,44,,,,,,,,,,,,,,,,,
OB,,掛布 雅之,1952,内野手,,,,1952,,88,,,,,,,,,,,,,,,,,
OB,,鳥谷 敬,1983,内野手,,,,1983,,57,,,,,,,,,,,,,,,,,
OB,,金本 知憲,1971,外野手,,,,1971,,69,,,,,,,,,,,,,,,,,
OB,,赤星 憲広,1989,外野手,,,,1989,,51,,,,,,,,,,,,,,,,,
OB,,真弓 明信,1998,外野手,,,,1998,,42,,,,,,,,,,,,,,,,,
OB,,今岡 誠,1992,内野手,,,,1992,,48,,,,,,,,,,,,,,,,,
OB,,矢野 輝弘,1956,捕手,,,,1956,,84,,,,,,,,,,,,,,,,,
OB,,藤田 平,1956,内野手,,,,1956,,84,,,,,,,,,,,,,,,,,
OB,,和田 豊,2000,内野手,,,,2000,,40,,,,,,,,,,,,,,,,,
OB,,藤村 富美男,1973,内野手,,,,1973,,67,,,,,,,,,,,,,,,,,
OB,,吉田 義男,2005,内野手,,,,2005,,35,,,,,,,,,,,,,,,,,
OB,,八木 裕,1991,内野手,,,,1991,,49,,,,,,,,,,,,,,,,,
OB,,川藤 幸三,1946,外野手,,,,1946,,94,,,,,,,,,,,,,,,,,
OB,,桧山 進次郎,1989,外野手,,,,1989,,51,,,,,,,,,,,,,,,,,
OB,,北別府 学,1975,投手,,,,1975,,65,,,,,,,,,,,,,,,,,
OB,,川口 和久,1964,投手,,,,1964,,76,,,,,,,,,,,,,,,,,
OB,,大野 豊,1996,投手,,,,1996,,44,,,,,,,,,,,,,,,,,
OB,,黒田 博樹,1967,投手,,,,1967,,73,,,,,,,,,,,,,,,,,
OB,,佐々岡 真司,1971,投手,,,,1971,,69,,,,,,,,,,,,,,,,,
OB,,前田 健太,1951,投手,,,,1951,,89,,,,,,,,,,,,,,,,,
OB,,外木場 義郎,1961,投手,,,,1961,,79,,,,,,,,,,,,,,,,,
OB,,永川 勝浩,1972,投手,,,,1972,,68,,,,,,,,,,,,,,,,,
OB,,小林 幹英,1971,投手,,,,1971,,69,,,,,,,,,,,,,,,,,
OB,,江夏 豊,1951,投手,,,,1951,,89,,,,,,,,,,,,,,,,,
OB,,横山 竜士,1997,投手,,,,1997,,43,,,,,,,,,,,,,,,,,
OB,,津田 恒実,1997,投手,,,,1997,,43,,,,,,,,,,,,,,,,,
OB,,達川 光男,1997,捕手,,,,1997,,43,,,,,,,,,,,,,,,,,
OB,,新井 貴浩,1990,内野手,,,,1990,,50,,,,,,,,,,,,,,,,,
OB,,菊池 涼介,1994,内野手,,,,1994,,46,,,,,,,,,,,,,,,,,
OB,,衣笠 祥雄,1987,内野手,,,,1987,,53,,,,,,,,,,,,,,,,,
OB,,野村 謙二郎,1998,内野手,,,,1998,,42,,,,,,,,,,,,,,,,,
OB,,金本 知憲,1990,外野手,,,,1990,,50,,,,,,,,,,,,,,,,,
OB,,山本 浩二,2007,外野手,,,,2007,,33,,,,,,,,,,,,,,,,,
OB,,鈴木 誠也,1981,外野手,,,,1981,,59,,,,,,,,,,,,,,,,,
OB,,前田 智徳,1985,外野手,,,,1985,,55,,,,,,,,,,,,,,,,,
OB,,西山 秀二,1987,捕手,,,,1987,,53,,,,,,,,,,,,,,,,,
OB,,栗原 健太,1987,内野手,,,,1987,,53,,,,,,,,,,,,,,,,,
OB,,正田 耕三,1979,内野手,,,,1979,,61,,,,,,,,,,,,,,,,,
OB,,江藤 智,1949,内野手,,,,1949,,91,,,,,,,,,,,,,,,,,
OB,,髙橋 慶彦,1982,内野手,,,,1982,,58,,,,,,,,,,,,,,,,,
OB,,嶋 重宣,2009,外野手,,,,2009,,31,,,,,,,,,,,,,,,,,
OB,,緒方 孝市,1974,外野手,,,,1974,,66,,,,,,,,,,,,,,,,,
OB,,山崎 隆造,1996,外野手,,,,1996,,44,,,,,,,,,,,,,,,,,
OB,,平松 政次,1986,投手,,,,1986,,54,,,,,,,,,,,,,,,,,
OB,,三浦 大輔,1951,投手,,,,1951,,89,,,,,,,,,,,,,,,,,
OB,,秋山 登,1991,投手,,,,1991,,49,,,,,,,,,,,,,,,,,
OB,,斉藤 明夫,1999,投手,,,,1999,,41,,,,,,,,,,,,,,,,,
OB,,遠藤 一彦,1992,投手,,,,1992,,48,,,,,,,,,,,,,,,,,
OB,,野村 弘樹,1979,投手,,,,1979,,61,,,,,,,,,,,,,,,,,
OB,,盛田 幸妃,1949,投手,,,,1949,,91,,,,,,,,,,,,,,,,,
OB,,木塚 敦志,1984,投手,,,,1984,,56,,,,,,,,,,,,,,,,,
OB,,川村 丈夫,1984,投手,,,,1984,,56,,,,,,,,,,,,,,,,,
OB,,山口 俊,2003,投手,,,,2003,,37,,,,,,,,,,,,,,,,,
OB,,斎藤 隆,1978,投手,,,,1978,,62,,,,,,,,,,,,,,,,,
OB,,佐々木 主浩,1997,投手,,,,1997,,43,,,,,,,,,,,,,,,,,
OB,,谷繁 元信,1983,捕手,,,,1983,,57,,,,,,,,,,,,,,,,,
OB,,松原 誠,1991,内野手,,,,1991,,49,,,,,,,,,,,,,,,,,
OB,,ローズ,1954,内野手,,,,1954,,86,,,,,,,,,,,,,,,,,
OB,,村田 修一,1974,内野手,,,,1974,,66,,,,,,,,,,,,,,,,,
OB,,石井 琢朗,1971,内野手,,,,1971,,69,,,,,,,,,,,,,,,,,
OB,,鈴木 尚典,1981,外野手,,,,1981,,59,,,,,,,,,,,,,,,,,
OB,,近藤 和彦,1971,外野手,,,,1971,,69,,,,,,,,,,,,,,,,,
OB,,金城 龍彦,1995,外野手,,,,1995,,45,,,,,,,,,,,,,,,,,
OB,,内川 聖一,1995,内野手,,,,1995,,45,,,,,,,,,,,,,,,,,
OB,,相川 亮二,1994,捕手,,,,1994,,46,,,,,,,,,,,,,,,,,
OB,,駒田 徳広,1996,内野手,,,,1996,,44,,,,,,,,,,,,,,,,,
OB,,高木 豊,1979,内野手,,,,1979,,61,,,,,,,,,,,,,,,,,
OB,,田代 富雄,1979,内野手,,,,1979,,61,,,,,,,,,,,,,,,,,
OB,,山下 大輔,1952,内野手,,,,1952,,88,,,,,,,,,,,,,,,,,
OB,,筒香 嘉智,1965,外野手,,,,1965,,75,,,,,,,,,,,,,,,,,
OB,,屋鋪 要,1964,外野手,,,,1964,,76,,,,,,,,,,,,,,,,,
OB,,加藤 博一,1964,外野手,,,,1964,,76,,,,,,,,,,,,,,,,,
OB,,堀内 恒夫,1964,投手,,,,1964,,76,,,,,,,,,,,,,,,,,
OB,,江川 卓,1964,投手,,,,1964,,76,,,,,,,,,,,,,,,,,
OB,,上原 浩治,1971,投手,,,,1971,,69,,,,,,,,,,,,,,,,,
OB,,斎藤 雅樹,1953,投手,,,,1953,,87,,,,,,,,,,,,,,,,,
OB,,槙原 寛己,1986,投手,,,,1986,,54,,,,,,,,,,,,,,,,,
OB,,桑田 真澄,1963,投手,,,,1963,,77,,,,,,,,,,,,,,,,,
OB,,山口 鉄也,1993,投手,,,,1993,,47,,,,,,,,,,,,,,,,,
OB,,鹿取 義隆,1977,投手,,,,1977,,63,,,,,,,,,,,,,,,,,
OB,,角 三男,1983,投手,,,,1983,,57,,,,,,,,,,,,,,,,,
OB,,岡島 秀樹,1960,投手,,,,1960,,80,,,,,,,,,,,,,,,,,
OB,,水野 雄仁,1985,投手,,,,1985,,55,,,,,,,,,,,,,,,,,
OB,,西村 健太朗,1999,投手,,,,1999,,41,,,,,,,,,,,,,,,,,
OB,,阿部 慎之助,1960,捕手,,,,1960,,80,,,,,,,,,,,,,,,,,
OB,,王 貞治,1991,内野手,,,,1991,,49,,,,,,,,,,,,,,,,,
OB,,篠塚 利夫,1991,内野手,,,,1991,,49,,,,,,,,,,,,,,,,,
OB,,長嶋 茂雄,1984,内野手,,,,1984,,56,,,,,,,,,,,,,,,,,
OB,,坂本 勇人,1957,内野手,,,,1957,,83,,,,,,,,,,,,,,,,,
OB,,清水 隆行,1974,外野手,,,,1974,,66,,,,,,,,,,,,,,,,,
OB,,松井 秀喜,1959,外野手,,,,1959,,81,,,,,,,,,,,,,,,,,
OB,,高橋 由伸,1990,外野手,,,,1990,,50,,,,,,,,,,,,,,,,,
OB,,原 辰徳,1989,内野手,,,,1989,,51,,,,,,,,,,,,,,,,,
OB,,森 昌彦,1965,捕手,,,,1965,,75,,,,,,,,,,,,,,,,,
OB,,川上 哲治,2009,内野手,,,,2009,,31,,,,,,,,,,,,,,,,,
OB,,仁志 敏久,1990,内野手,,,,1990,,50,,,,,,,,,,,,,,,,,
OB,,中畑 清,1999,内野手,,,,1999,,41,,,,,,,,,,,,,,,,,
OB,,二岡 智宏,1986,内野手,,,,1986,,54,,,,,,,,,,,,,,,,,
OB,,ラミレス,1999,外野手,,,,1999,,41,,,,,,,,,,,,,,,,,
OB,,柴田 勲,1983,外野手,,,,1983,,57,,,,,,,,,,,,,,,,,
OB,,吉村 禎章,1965,外野手,,,,1965,,75,,,,,,,,,,,,,,,,,
OB,,金田 正一,1983,投手,,,,1983,,57,,,,,,,,,,,,,,,,,
OB,,松岡 弘,1981,投手,,,,1981,,59,,,,,,,,,,,,,,,,,
OB,,石井 一久,1981,投手,,,,1981,,59,,,,,,,,,,,,,,,,,
OB,,伊藤 智仁,1970,投手,,,,1970,,70,,,,,,,,,,,,,,,,,
OB,,安田 猛,1970,投手,,,,1970,,70,,,,,,,,,,,,,,,,,
OB,,石川 雅規,2002,投手,,,,2002,,38,,,,,,,,,,,,,,,,,
OB,,五十嵐 亮太,1963,投手,,,,1963,,77,,,,,,,,,,,,,,,,,
OB,,石井 弘寿,1984,投手,,,,1984,,56,,,,,,,,,,,,,,,,,
OB,,松岡 健一,1980,投手,,,,1980,,60,,,,,,,,,,,,,,,,,
OB,,尾花 高夫,1985,投手,,,,1985,,55,,,,,,,,,,,,,,,,,
OB,,山本 樹,1985,投手,,,,1985,,55,,,,,,,,,,,,,,,,,
OB,,高津 臣吾,1959,投手,,,,1959,,81,,,,,,,,,,,,,,,,,
OB,,古田 敦也,1964,捕手,,,,1964,,76,,,,,,,,,,,,,,,,,
OB,,ペタジーニ,1989,内野手,,,,1989,,51,,,,,,,,,,,,,,,,,
OB,,山田 哲人,2009,内野手,,,,2009,,31,,,,,,,,,,,,,,,,,
OB,,村上 宗隆,1993,内野手,,,,1993,,47,,,,,,,,,,,,,,,,,
OB,,宮本 慎也,1994,内野手,,,,1994,,46,,,,,,,,,,,,,,,,,
OB,,若松 勉,1975,外野手,,,,1975,,65,,,,,,,,,,,,,,,,,
OB,,青木 宣親,1967,外野手,,,,1967,,73,,,,,,,,,,,,,,,,,
OB,,杉浦 享,1966,外野手,,,,1966,,74,,,,,,,,,,,,,,,,,
OB,,ラミレス,1999,外野手,,,,1999,,41,,,,,,,,,,,,,,,,,
OB,,大矢 明彦,1962,捕手,,,,1962,,78,,,,,,,,,,,,,,,,,
OB,,大杉 勝男,1974,内野手,,,,1974,,66,,,,,,,,,,,,,,,,,
OB,,土橋 勝征,1964,内野手,,,,1964,,76,,,,,,,,,,,,,,,,,
OB,,岩村 明憲,1972,内野手,,,,1972,,68,,,,,,,,,,,,,,,,,
OB,,池山 隆寛,1963,内野手,,,,1963,,77,,,,,,,,,,,,,,,,,
OB,,真中 満,1973,外野手,,,,1973,,67,,,,,,,,,,,,,,,,,
OB,,飯田 哲也,1948,外野手,,,,1948,,92,,,,,,,,,,,,,,,,,
OB,,稲葉 篤紀,1962,外野手,,,,1962,,78,,,,,,,,,,,,,,,,,
OB,,山本 昌広,1986,投手,,,,1986,,54,,,,,,,,,,,,,,,,,
OB,,今中 慎二,1981,投手,,,,1981,,59,,,,,,,,,,,,,,,,,
OB,,川上 憲伸,2014,投手,,,,2014,,26,,,,,,,,,,,,,,,,,
OB,,権藤 博,1973,投手,,,,1973,,67,,,,,,,,,,,,,,,,,
OB,,杉下 茂,1984,投手,,,,1984,,56,,,,,,,,,,,,,,,,,
OB,,星野 仙一,1997,投手,,,,1997,,43,,,,,,,,,,,,,,,,,
OB,,浅尾 拓也,1997,投手,,,,1997,,43,,,,,,,,,,,,,,,,,
OB,,落合 英二,1972,投手,,,,1972,,68,,,,,,,,,,,,,,,,,
OB,,平井 正史,1972,投手,,,,1972,,68,,,,,,,,,,,,,,,,,
OB,,ギャラード,1992,投手,,,,1992,,48,,,,,,,,,,,,,,,,,
OB,,高橋 聡文,1973,投手,,,,1973,,67,,,,,,,,,,,,,,,,,
OB,,岩瀬 仁紀,1990,投手,,,,1990,,50,,,,,,,,,,,,,,,,,
OB,,谷繁 元信,1959,捕手,,,,1959,,81,,,,,,,,,,,,,,,,,
OB,,落合 博満,1963,内野手,,,,1963,,77,,,,,,,,,,,,,,,,,
OB,,高木 守道,1985,内野手,,,,1985,,55,,,,,,,,,,,,,,,,,
OB,,立浪 和義,1978,内野手,,,,1978,,62,,,,,,,,,,,,,,,,,
OB,,井端 弘和,1949,内野手,,,,1949,,91,,,,,,,,,,,,,,,,,
OB,,田尾 安志,2004,外野手,,,,2004,,36,,,,,,,,,,,,,,,,,
OB,,中 利夫,1982,外野手,,,,1982,,58,,,,,,,,,,,,,,,,,
OB,,福留 孝介,1984,外野手,,,,1984,,56,,,,,,,,,,,,,,,,,
OB,,T.ウッズ,1989,内野手,,,,1989,,51,,,,,,,,,,,,,,,,,
OB,,木俣 達彦,1987,捕手,,,,1987,,53,,,,,,,,,,,,,,,,,
OB,,谷沢 健一,1981,内野手,,,,1981,,59,,,,,,,,,,,,,,,,,
OB,,荒木 雅博,2001,内野手,,,,2001,,39,,,,,,,,,,,,,,,,,
OB,,大島 康徳,1989,内野手,,,,1989,,51,,,,,,,,,,,,,,,,,
OB,,宇野 勝,1994,内野手,,,,1994,,46,,,,,,,,,,,,,,,,,
OB,,和田 一浩,1950,外野手,,,,1950,,90,,,,,,,,,,,,,,,,,
OB,,大島 洋平,2001,外野手,,,,2001,,39,,,,,,,,,,,,,,,,,
OB,,江藤 慎一,1982,外野手,,,,1982,,58,,,,,,,,,,,,,,,,,
OB,,野田 浩司,1996,投手,,,,1996,,44,,,,,,,,,,,,,,,,,
OB,,山本 由伸,1954,投手,,,,1954,,86,,,,,,,,,,,,,,,,,
OB,,長谷川 滋利,1984,投手,,,,1984,,56,,,,,,,,,,,,,,,,,
OB,,星野 伸之,1996,投手,,,,1996,,44,,,,,,,,,,,,,,,,,
OB,,佐藤 義則,1991,投手,,,,1991,,49,,,,,,,,,,,,,,,,,
OB,,金子 千尋,1990,投手,,,,1990,,50,,,,,,,,,,,,,,,,,
OB,,鈴木 平,1989,投手,,,,1989,,51,,,,,,,,,,,,,,,,,
OB,,佐藤 達也,1986,投手,,,,1986,,54,,,,,,,,,,,,,,,,,
OB,,大久保 勝信,1968,投手,,,,1968,,72,,,,,,,,,,,,,,,,,
OB,,平井 正史,1991,投手,,,,1991,,49,,,,,,,,,,,,,,,,,
OB,,加藤 大輔,1991,投手,,,,1991,,49,,,,,,,,,,,,,,,,,
OB,,岸田 護,1990,投手,,,,1990,,50,,,,,,,,,,,,,,,,,
OB,,中嶋 聡,2011,捕手,,,,2011,,29,,,,,,,,,,,,,,,,,
OB,,ブーマー,1976,内野手,,,,1976,,64,,,,,,,,,,,,,,,,,
OB,,後藤 光尊,1976,内野手,,,,1976,,64,,,,,,,,,,,,,,,,,
OB,,松永 浩美,1998,内野手,,,,1998,,42,,,,,,,,,,,,,,,,,
OB,,小川 博文,1963,内野手,,,,1963,,77,,,,,,,,,,,,,,,,,
OB,,田口 壮,1996,外野手,,,,1996,,44,,,,,,,,,,,,,,,,,
OB,,谷 佳知,1959,外野手,,,,1959,,81,,,,,,,,,,,,,,,,,
OB,,イチロー,1996,外野手,,,,1996,,44,,,,,,,,,,,,,,,,,
OB,,吉田 正尚,1983,外野手,,,,1983,,57,,,,,,,,,,,,,,,,,
OB,,日高 剛,1999,捕手,,,,1999,,41,,,,,,,,,,,,,,,,,
OB,,藤井 康雄,1991,外野手,,,,1991,,49,,,,,,,,,,,,,,,,,
OB,,福良 淳一,1992,内野手,,,,1992,,48,,,,,,,,,,,,,,,,,
OB,,本西 厚博,1992,外野手,,,,1992,,48,,,,,,,,,,,,,,,,,
OB,,塩崎 真,1968,内野手,,,,1968,,72,,,,,,,,,,,,,,,,,
OB,,T-岡田,1968,外野手,,,,1968,,72,,,,,,,,,,,,,,,,,
OB,,糸井 嘉男,1987,外野手,,,,1987,,53,,,,,,,,,,,,,,,,,
OB,,石嶺 和彦,1952,外野手,,,,1952,,88,,,,,,,,,,,,,,,,,
OB,,村田 兆治,1990,投手,,,,1990,,50,,,,,,,,,,,,,,,,,
OB,,木樽 正明,1970,投手,,,,1970,,70,,,,,,,,,,,,,,,,,
OB,,黒木 知宏,2000,投手,,,,2000,,40,,,,,,,,,,,,,,,,,
OB,,成瀬 善久,2002,投手,,,,2002,,38,,,,,,,,,,,,,,,,,
OB,,渡辺 俊介,1996,投手,,,,1996,,44,,,,,,,,,,,,,,,,,
OB,,小宮山 悟,1994,投手,,,,1994,,46,,,,,,,,,,,,,,,,,
OB,,清水 直行,1969,投手,,,,1969,,71,,,,,,,,,,,,,,,,,
OB,,伊良部 秀輝,1986,投手,,,,1986,,54,,,,,,,,,,,,,,,,,
OB,,益田 直也,1987,投手,,,,1987,,53,,,,,,,,,,,,,,,,,
OB,,薮田 安彦,1984,投手,,,,1984,,56,,,,,,,,,,,,,,,,,
OB,,藤田 宗一,1981,投手,,,,1981,,59,,,,,,,,,,,,,,,,,
OB,,小林 雅英,1968,投手,,,,1968,,72,,,,,,,,,,,,,,,,,
OB,,里崎 智也,1951,捕手,,,,1951,,89,,,,,,,,,,,,,,,,,
OB,,福浦 和也,1941,内野手,,,,1941,,99,,,,,,,,,,,,,,,,,
OB,,落合 博満,1996,内野手,,,,1996,,44,,,,,,,,,,,,,,,,,
OB,,有藤 道世,2001,内野手,,,,2001,,39,,,,,,,,,,,,,,,,,
OB,,西岡 剛,1981,内野手,,,,1981,,59,,,,,,,,,,,,,,,,,
OB,,山内 和弘,1981,外野手,,,,1981,,59,,,,,,,,,,,,,,,,,
OB,,西村 徳文,1962,外野手,,,,1962,,78,,,,,,,,,,,,,,,,,
OB,,サブロー,1977,外野手,,,,1977,,63,,,,,,,,,,,,,,,,,
OB,,榎本 喜八,1991,内野手,,,,1991,,49,,,,,,,,,,,,,,,,,
OB,,袴田 英利,1989,捕手,,,,1989,,51,,,,,,,,,,,,,,,,,
OB,,レオン,1985,内野手,,,,1985,,55,,,,,,,,,,,,,,,,,
OB,,山崎 裕之,2001,内野手,,,,2001,,39,,,,,,,,,,,,,,,,,
OB,,初芝 清,2000,内野手,,,,2000,,40,,,,,,,,,,,,,,,,,
OB,,小坂 誠,1988,内野手,,,,1988,,52,,,,,,,,,,,,,,,,,
OB,,角中 勝也,1980,外野手,,,,1980,,60,,,,,,,,,,,,,,,,,
OB,,弘田 澄男,1983,外野手,,,,1983,,57,,,,,,,,,,,,,,,,,
OB,,リー,2001,外野手,,,,2001,,39,,,,,,,,,,,,,,,,,
OB,,斉藤 和巳,1975,投手,,,,1975,,65,,,,,,,,,,,,,,,,,
OB,,若田部 健一,1999,投手,,,,1999,,41,,,,,,,,,,,,,,,,,
OB,,工藤 公康,1975,投手,,,,1975,,65,,,,,,,,,,,,,,,,,
OB,,杉内 俊哉,1997,投手,,,,1997,,43,,,,,,,,,,,,,,,,,
OB,,和田 毅,1970,投手,,,,1970,,70,,,,,,,,,,,,,,,,,
OB,,攝津 正,1993,投手,,,,1993,,47,,,,,,,,,,,,,,,,,
OB,,五十嵐 亮太,1989,投手,,,,1989,,51,,,,,,,,,,,,,,,,,
OB,,千賀 滉大,1993,投手,,,,1993,,47,,,,,,,,,,,,,,,,,
OB,,篠原 貴行,1980,投手,,,,1980,,60,,,,,,,,,,,,,,,,,
OB,,森福 允彦,1986,投手,,,,1986,,54,,,,,,,,,,,,,,,,,
OB,,吉田 修司,1995,投手,,,,1995,,45,,,,,,,,,,,,,,,,,
OB,,馬原 孝浩,1964,投手,,,,1964,,76,,,,,,,,,,,,,,,,,
OB,,城島 健司,1972,捕手,,,,1972,,68,,,,,,,,,,,,,,,,,
OB,,内川 聖一,1976,外野手,,,,1976,,64,,,,,,,,,,,,,,,,,
OB,,井口 資仁,1976,内野手,,,,1976,,64,,,,,,,,,,,,,,,,,
OB,,小久保 裕紀,1998,内野手,,,,1998,,42,,,,,,,,,,,,,,,,,
OB,,川﨑 宗則,1992,内野手,,,,1992,,48,,,,,,,,,,,,,,,,,
OB,,村松 有人,1996,外野手,,,,1996,,44,,,,,,,,,,,,,,,,,
OB,,柳田 悠岐,1986,外野手,,,,1986,,54,,,,,,,,,,,,,,,,,
OB,,佐々木 誠,2008,外野手,,,,2008,,32,,,,,,,,,,,,,,,,,
OB,,カズ山本,1975,外野手,,,,1975,,65,,,,,,,,,,,,,,,,,
OB,,吉永 幸一郎,1991,捕手,,,,1991,,49,,,,,,,,,,,,,,,,,
OB,,藤本 博史,1935,内野手,,,,1935,,105,,,,,,,,,,,,,,,,,
OB,,本多 雄一,1980,内野手,,,,1980,,60,,,,,,,,,,,,,,,,,
OB,,松田 宣浩,1988,内野手,,,,1988,,52,,,,,,,,,,,,,,,,,
OB,,今宮 健太,1965,内野手,,,,1965,,75,,,,,,,,,,,,,,,,,
OB,,中村 晃,1997,外野手,,,,1997,,43,,,,,,,,,,,,,,,,,
OB,,柴原 洋,2000,外野手,,,,2000,,40,,,,,,,,,,,,,,,,,
OB,,長谷川 勇也,2004,外野手,,,,2004,,36,,,,,,,,,,,,,,,,,
OB,,岩隈 久志,2004,投手,,,,2004,,36,,,,,,,,,,,,,,,,,
OB,,田中 将大,1987,投手,,,,1987,,53,,,,,,,,,,,,,,,,,
OB,,永井 怜,1990,投手,,,,1990,,50,,,,,,,,,,,,,,,,,
OB,,涌井 秀章,1992,投手,,,,1992,,48,,,,,,,,,,,,,,,,,
OB,,則本 昂大,2000,投手,,,,2000,,40,,,,,,,,,,,,,,,,,
OB,,美馬 学,1955,投手,,,,1955,,85,,,,,,,,,,,,,,,,,
OB,,青山 浩二,1952,投手,,,,1952,,88,,,,,,,,,,,,,,,,,
OB,,福山 博之,1988,投手,,,,1988,,52,,,,,,,,,,,,,,,,,
OB,,斎藤 隆,1960,投手,,,,1960,,80,,,,,,,,,,,,,,,,,
OB,,長谷部 康平,1981,投手,,,,1981,,59,,,,,,,,,,,,,,,,,
OB,,小山 伸一郎,1996,投手,,,,1996,,44,,,,,,,,,,,,,,,,,
OB,,松井 裕樹,1968,投手,,,,1968,,72,,,,,,,,,,,,,,,,,
OB,,嶋 基宏,1965,捕手,,,,1965,,75,,,,,,,,,,,,,,,,,
OB,,吉岡 雄二,1967,内野手,,,,1967,,73,,,,,,,,,,,,,,,,,
OB,,藤田 一也,1989,内野手,,,,1989,,51,,,,,,,,,,,,,,,,,
OB,,マギー,1992,内野手,,,,1992,,48,,,,,,,,,,,,,,,,,
OB,,渡辺 直人,1962,内野手,,,,1962,,78,,,,,,,,,,,,,,,,,
OB,,鉄平,1959,外野手,,,,1959,,81,,,,,,,,,,,,,,,,,
OB,,聖澤 諒,2001,外野手,,,,2001,,39,,,,,,,,,,,,,,,,,
OB,,礒部 公一,1998,外野手,,,,1998,,42,,,,,,,,,,,,,,,,,
OB,,山﨑 武司,1960,内野手,,,,1960,,80,,,,,,,,,,,,,,,,,
OB,,藤井 彰人,1960,捕手,,,,1960,,80,,,,,,,,,,,,,,,,,
OB,,銀次,1987,内野手,,,,1987,,53,,,,,,,,,,,,,,,,,
OB,,高須 洋介,1974,内野手,,,,1974,,66,,,,,,,,,,,,,,,,,
OB,,浅村 栄斗,1991,内野手,,,,1991,,49,,,,,,,,,,,,,,,,,
OB,,茂木 栄五郎,2010,内野手,,,,2010,,30,,,,,,,,,,,,,,,,,
OB,,岡島 豪郎,1987,外野手,,,,1987,,53,,,,,,,,,,,,,,,,,
OB,,島内 宏明,1991,外野手,,,,1991,,49,,,,,,,,,,,,,,,,,
OB,,松井 稼頭央,1966,内野手,,,,1966,,74,,,,,,,,,,,,,,,,,
OB,,稲尾 和久,1985,投手,,,,1985,,55,,,,,,,,,,,,,,,,,
OB,,工藤 公康,1971,投手,,,,1971,,69,,,,,,,,,,,,,,,,,
OB,,西口 文也,1963,投手,,,,1963,,77,,,,,,,,,,,,,,,,,
OB,,松坂 大輔,1971,投手,,,,1971,,69,,,,,,,,,,,,,,,,,
OB,,東尾 修,1988,投手,,,,1988,,52,,,,,,,,,,,,,,,,,
OB,,渡辺 久信,1963,投手,,,,1963,,77,,,,,,,,,,,,,,,,,
OB,,潮崎 哲也,2006,投手,,,,2006,,34,,,,,,,,,,,,,,,,,
OB,,森 慎二,1986,投手,,,,1986,,54,,,,,,,,,,,,,,,,,
OB,,鹿取 義隆,1986,投手,,,,1986,,54,,,,,,,,,,,,,,,,,
OB,,牧田 和久,1981,投手,,,,1981,,59,,,,,,,,,,,,,,,,,
OB,,森 繁和,1965,投手,,,,1965,,75,,,,,,,,,,,,,,,,,
OB,,豊田 清,1952,投手,,,,1952,,88,,,,,,,,,,,,,,,,,
OB,,伊東 勤,1949,捕手,,,,1949,,91,,,,,,,,,,,,,,,,,
OB,,土井 正博,1989,内野手,,,,1989,,51,,,,,,,,,,,,,,,,,
OB,,辻 発彦,1962,内野手,,,,1962,,78,,,,,,,,,,,,,,,,,
OB,,中村 剛也,1950,内野手,,,,1950,,90,,,,,,,,,,,,,,,,,
OB,,松井 稼頭央,1998,内野手,,,,1998,,42,,,,,,,,,,,,,,,,,
OB,,和田 一浩,1984,外野手,,,,1984,,56,,,,,,,,,,,,,,,,,
OB,,秋山 幸二,1969,外野手,,,,1969,,71,,,,,,,,,,,,,,,,,
OB,,平野 謙,1956,外野手,,,,1956,,84,,,,,,,,,,,,,,,,,
OB,,中西 太,1992,内野手,,,,1992,,48,,,,,,,,,,,,,,,,,
OB,,森 友哉,1984,捕手,,,,1984,,56,,,,,,,,,,,,,,,,,
OB,,デストラーデ,1984,内野手,,,,1984,,56,,,,,,,,,,,,,,,,,
OB,,片岡 易之,2000,内野手,,,,2000,,40,,,,,,,,,,,,,,,,,
OB,,石毛 宏典,2001,内野手,,,,2001,,39,,,,,,,,,,,,,,,,,
OB,,豊田 泰光,1959,内野手,,,,1959,,81,,,,,,,,,,,,,,,,,
OB,,栗山 巧,1951,外野手,,,,1951,,89,,,,,,,,,,,,,,,,,
OB,,秋山 翔吾,1997,外野手,,,,1997,,43,,,,,,,,,,,,,,,,,
OB,,中島 宏之,1976,内野手,,,,1976,,64,,,,,,,,,,,,,,,,,
OB,,ダルビッシュ ,1974,投手,,,,1974,,66,,,,,,,,,,,,,,,,,
OB,,西崎 幸広,1932,投手,,,,1932,,108,,,,,,,,,,,,,,,,,
OB,,土橋 正幸,1997,投手,,,,1997,,43,,,,,,,,,,,,,,,,,
OB,,尾崎 行雄,1969,投手,,,,1969,,71,,,,,,,,,,,,,,,,,
OB,,高橋 直樹,1986,投手,,,,1986,,54,,,,,,,,,,,,,,,,,
OB,,岩本 ツトム,1998,投手,,,,1998,,42,,,,,,,,,,,,,,,,,
OB,,江夏 豊,1985,投手,,,,1985,,55,,,,,,,,,,,,,,,,,
OB,,宮西 尚生,1975,投手,,,,1975,,65,,,,,,,,,,,,,,,,,
OB,,増井 浩俊,1970,投手,,,,1970,,70,,,,,,,,,,,,,,,,,
OB,,グロス,1997,投手,,,,1997,,43,,,,,,,,,,,,,,,,,
OB,,大谷 翔平,1983,投手,,,,1983,,57,,,,,,,,,,,,,,,,,
OB,,武田 久,1998,投手,,,,1998,,42,,,,,,,,,,,,,,,,,
OB,,田村 藤夫,1969,捕手,,,,1969,,71,,,,,,,,,,,,,,,,,
OB,,小笠原 道大,1962,内野手,,,,1962,,78,,,,,,,,,,,,,,,,,
OB,,田中 賢介,1981,内野手,,,,1981,,59,,,,,,,,,,,,,,,,,
OB,,片岡 篤史,1992,内野手,,,,1992,,48,,,,,,,,,,,,,,,,,
OB,,田中 幸雄,1996,内野手,,,,1996,,44,,,,,,,,,,,,,,,,,
OB,,中田 翔,1959,内野手,,,,1959,,81,,,,,,,,,,,,,,,,,
OB,,糸井 嘉男,1959,外野手,,,,1959,,81,,,,,,,,,,,,,,,,,
OB,,稲葉 篤紀,1984,外野手,,,,1984,,56,,,,,,,,,,,,,,,,,
OB,,張本 勲,1951,外野手,,,,1951,,89,,,,,,,,,,,,,,,,,
OB,,鶴岡 慎也,1960,捕手,,,,1960,,80,,,,,,,,,,,,,,,,,
OB,,大杉 勝男,1970,内野手,,,,1970,,70,,,,,,,,,,,,,,,,,
OB,,白井 一幸,2000,内野手,,,,2000,,40,,,,,,,,,,,,,,,,,
OB,,古屋 英夫,1992,内野手,,,,1992,,48,,,,,,,,,,,,,,,,,
OB,,金子 誠,1996,内野手,,,,1996,,44,,,,,,,,,,,,,,,,,
OB,,毒島 章一,1966,外野手,,,,1966,,74,,,,,,,,,,,,,,,,,
OB,,島田 誠,1990,外野手,,,,1990,,50,,,,,,,,,,,,,,,,,
OB,,森本 稀哲,1978,外野手,,,,1978,,62,,,,,,,,,,,,,,,,,
OB,,皆川 睦男,1992,投手,,,,1992,,48,,,,,,,,,,,,,,,,,
OB,,杉浦 忠,1962,投手,,,,1962,,78,,,,,,,,,,,,,,,,,
OB,,井上 祐二,1996,投手,,,,1996,,44,,,,,,,,,,,,,,,,,
OB,,江本 孟紀,1932,投手,,,,1932,,108,,,,,,,,,,,,,,,,,
OB,,山内 新一,1998,投手,,,,1998,,42,,,,,,,,,,,,,,,,,
OB,,村上 雅則,1971,投手,,,,1971,,69,,,,,,,,,,,,,,,,,
OB,,山内 孝徳,1988,投手,,,,1988,,52,,,,,,,,,,,,,,,,,
OB,,別所 昭,1963,投手,,,,1963,,77,,,,,,,,,,,,,,,,,
OB,,江夏 豊,1993,投手,,,,1993,,47,,,,,,,,,,,,,,,,,
OB,,山内 和宏,1979,投手,,,,1979,,61,,,,,,,,,,,,,,,,,
OB,,藤田 学,2010,投手,,,,2010,,30,,,,,,,,,,,,,,,,,
OB,,佐藤 道郎,2004,投手,,,,2004,,36,,,,,,,,,,,,,,,,,
OB,,野村 克也,1951,捕手,,,,1951,,89,,,,,,,,,,,,,,,,,
OB,,鶴岡 一人,1984,内野手,,,,1984,,56,,,,,,,,,,,,,,,,,
OB,,岡本 伊三美,1998,内野手,,,,1998,,42,,,,,,,,,,,,,,,,,
OB,,藤原 満,1998,内野手,,,,1998,,42,,,,,,,,,,,,,,,,,
OB,,小池 兼司,1998,内野手,,,,1998,,42,,,,,,,,,,,,,,,,,
OB,,堀井 数男,1992,外野手,,,,1992,,48,,,,,,,,,,,,,,,,,
OB,,広瀬 叔功,1993,外野手,,,,1993,,47,,,,,,,,,,,,,,,,,
OB,,山本 和範,1995,外野手,,,,1995,,45,,,,,,,,,,,,,,,,,
OB,,門田 博光,1986,外野手,,,,1986,,54,,,,,,,,,,,,,,,,,
OB,,香川 伸行,1997,捕手,,,,1997,,43,,,,,,,,,,,,,,,,,
OB,,桜井 輝秀,1980,内野手,,,,1980,,60,,,,,,,,,,,,,,,,,
OB,,河埜 敬幸,1977,内野手,,,,1977,,63,,,,,,,,,,,,,,,,,
OB,,国貞 泰汎,1998,内野手,,,,1998,,42,,,,,,,,,,,,,,,,,
OB,,定岡 智秋,1981,内野手,,,,1981,,59,,,,,,,,,,,,,,,,,
OB,,佐々木 誠,1984,外野手,,,,1984,,56,,,,,,,,,,,,,,,,,
OB,,新井 宏昌,1973,外野手,,,,1973,,67,,,,,,,,,,,,,,,,,
OB,,ジョーンズ,1960,内野手,,,,1960,,80,,,,,,,,,,,,,,,,,
OB,,米田 哲也,1985,投手,,,,1985,,55,,,,,,,,,,,,,,,,,
OB,,山田 久志,1994,投手,,,,1994,,46,,,,,,,,,,,,,,,,,
OB,,梶本 隆夫,1983,投手,,,,1983,,57,,,,,,,,,,,,,,,,,
OB,,野口 二郎,1991,投手,,,,1991,,49,,,,,,,,,,,,,,,,,
OB,,佐藤 義則,1992,投手,,,,1992,,48,,,,,,,,,,,,,,,,,
OB,,山口 高志,2004,投手,,,,2004,,36,,,,,,,,,,,,,,,,,
OB,,山沖 之彦,1963,投手,,,,1963,,77,,,,,,,,,,,,,,,,,
OB,,星野 伸之,1993,投手,,,,1993,,47,,,,,,,,,,,,,,,,,
OB,,今井 雄太郎,1976,投手,,,,1976,,64,,,,,,,,,,,,,,,,,
OB,,稲葉 光雄,1976,投手,,,,1976,,64,,,,,,,,,,,,,,,,,
OB,,竹村 一義,1991,投手,,,,1991,,49,,,,,,,,,,,,,,,,,
OB,,足立 光宏,1991,投手,,,,1991,,49,,,,,,,,,,,,,,,,,
OB,,岡村 浩二,1963,捕手,,,,1963,,77,,,,,,,,,,,,,,,,,
OB,,ブーマー,1996,内野手,,,,1996,,44,,,,,,,,,,,,,,,,,
OB,,マルカーノ,1971,内野手,,,,1971,,69,,,,,,,,,,,,,,,,,
OB,,松永 浩美,1953,内野手,,,,1953,,87,,,,,,,,,,,,,,,,,
OB,,大橋 穣,1938,内野手,,,,1938,,102,,,,,,,,,,,,,,,,,
OB,,簑田 浩二,1998,外野手,,,,1998,,42,,,,,,,,,,,,,,,,,
OB,,福本 豊,1985,外野手,,,,1985,,55,,,,,,,,,,,,,,,,,
OB,,長池 徳二,1986,外野手,,,,1986,,54,,,,,,,,,,,,,,,,,
OB,,加藤 英司,1950,内野手,,,,1950,,90,,,,,,,,,,,,,,,,,
OB,,中沢 伸二,1988,捕手,,,,1988,,52,,,,,,,,,,,,,,,,,
OB,,高井 保弘,1973,内野手,,,,1973,,67,,,,,,,,,,,,,,,,,
OB,,福良 淳一,2000,内野手,,,,2000,,40,,,,,,,,,,,,,,,,,
OB,,島谷 金二,1985,内野手,,,,1985,,55,,,,,,,,,,,,,,,,,
OB,,阪本 敏三,1939,内野手,,,,1939,,101,,,,,,,,,,,,,,,,,
OB,,大熊 忠義,1963,外野手,,,,1963,,77,,,,,,,,,,,,,,,,,
OB,,中田 昌宏,1978,外野手,,,,1978,,62,,,,,,,,,,,,,,,,,
OB,,石嶺 和彦,2000,外野手,,,,2000,,40,,,,,,,,,,,,,,,,,
OB,,鈴木 啓示,1979,投手,,,,1979,,61,,,,,,,,,,,,,,,,,
OB,,村田 辰美,2009,投手,,,,2009,,31,,,,,,,,,,,,,,,,,
OB,,阿波野 秀幸,1963,投手,,,,1963,,77,,,,,,,,,,,,,,,,,
OB,,岩隈 久志,1993,投手,,,,1993,,47,,,,,,,,,,,,,,,,,
OB,,髙村 祐,1960,投手,,,,1960,,80,,,,,,,,,,,,,,,,,
OB,,小池 秀郎,1963,投手,,,,1963,,77,,,,,,,,,,,,,,,,,
OB,,吉井 理人,1935,投手,,,,1935,,105,,,,,,,,,,,,,,,,,
OB,,岡本 晃,1982,投手,,,,1982,,58,,,,,,,,,,,,,,,,,
OB,,佐野 重樹,1985,投手,,,,1985,,55,,,,,,,,,,,,,,,,,
OB,,太田 幸司,1951,投手,,,,1951,,89,,,,,,,,,,,,,,,,,
OB,,赤堀 元之,1983,投手,,,,1983,,57,,,,,,,,,,,,,,,,,
OB,,大塚 晶文,1984,投手,,,,1984,,56,,,,,,,,,,,,,,,,,
OB,,梨田 昌崇,1989,捕手,,,,1989,,51,,,,,,,,,,,,,,,,,
OB,,石井 浩郎,1967,内野手,,,,1967,,73,,,,,,,,,,,,,,,,,
OB,,大石 大二郎,1962,内野手,,,,1962,,78,,,,,,,,,,,,,,,,,
OB,,中村 紀洋,2000,内野手,,,,2000,,40,,,,,,,,,,,,,,,,,
OB,,石渡 茂,1985,内野手,,,,1985,,55,,,,,,,,,,,,,,,,,
OB,,土井 正博,1969,外野手,,,,1969,,71,,,,,,,,,,,,,,,,,
OB,,大村 直之,1969,外野手,,,,1969,,71,,,,,,,,,,,,,,,,,
OB,,ローズ,1969,外野手,,,,1969,,71,,,,,,,,,,,,,,,,,
OB,,ブライアント,1992,外野手,,,,1992,,48,,,,,,,,,,,,,,,,,
OB,,有田 修三,1985,捕手,,,,1985,,55,,,,,,,,,,,,,,,,,
OB,,吉岡 雄二,1963,内野手,,,,1963,,77,,,,,,,,,,,,,,,,,
OB,,水口 栄二,1988,内野手,,,,1988,,52,,,,,,,,,,,,,,,,,
OB,,金村 義明,2010,内野手,,,,2010,,30,,,,,,,,,,,,,,,,,
OB,,村上 隆行,1985,内野手,,,,1985,,55,,,,,,,,,,,,,,,,,
OB,,佐々木 恭介,1988,外野手,,,,1988,,52,,,,,,,,,,,,,,,,,
OB,,新井 宏昌,1988,外野手,,,,1988,,52,,,,,,,,,,,,,,,,,
OB,,礒部 公一,1996,外野手,,,,1996,,44,,,,,,,,,,,,,,,,,
OB,,和田 豊,1978,内野手,,,,1978,,62,,,,,,,,,,,,,,,,,
OB,,攝津 正,1998,投手,,,,1998,,42,,,,,,,,,,,,,,,,,
OB,,梵 英心,1996,内野手,,,,1996,,44,,,,,,,,,,,,,,,,,
OB,,礒部 公一（楽天）,1989,外野手,,,,1989,,51,,,,,,,,,,,,,,,,,
OB,,井上 一樹,1987,外野手,,,,1987,,53,,,,,,,,,,,,,,,,,
OB,,新庄 剛志,1987,外野手,,,,1987,,53,,,,,,,,,,,,,,,,,
OB,,三木 肇,1993,内野手,,,,1993,,47,,,,,,,,,,,,,,,,,
OB,,大谷 翔平,2010,投手,,,,2010,,30,,,,,,,,,,,,,,,,,
OB,,菅野 智之,2005,投手,,,,2005,,35,,,,,,,,,,,,,,,,,
OB,,小笠原 慎之介,2013,投手,,,,2013,,27,,,,,,,,,,,,,,,,,
OB,,前田 健太,2004,投手,,,,2004,,36,,,,,,,,,,,,,,,,,
OB,,鈴木 誠也,2010,外野手,,,,2010,,30,,,,,,,,,,,,,,,,,
OB,,今永 昇太,2009,投手,,,,2009,,31,,,,,,,,,,,,,,,,,
OB,,藤浪 晋太郎,2010,投手,,,,2010,,30,,,,,,,,,,,,,,,,,
OB,,青柳 晃洋,2009,外野手,,,,2009,,31,,,,,,,,,,,,,,,,,
OB,,松井 裕樹,2011,投手,,,,2011,,29,,,,,,,,,,,,,,,,,
OB,,ダルビッシュ,2002,投手,,,,2002,,38,,,,,,,,,,,,,,,,,
OB,,大谷 翔平,2010,投手,,,,2010,,30,,,,,,,,,,,,,,,,,
OB,,菊池 雄星,2007,投手,,,,2007,,33,,,,,,,,,,,,,,,,,
OB,,吉田 正尚,2009,外野手,,,,2009,,31,,,,,,,,,,,,,,,,,
OB,,山本 由伸,2014,投手,,,,2014,,26,,,,,,,,,,,,,,,,,
OB,,千賀 滉大,2008,投手,,,,2008,,32,,,,,,,,,,,,,,,,,
OB,,川相 昌弘,1980,内野手,,,,1980,,60,,,,,,,,,,,,,,,,,
OB,,鈴木 尚広,1978,外野手,,,,1978,,62,,,,,,,,,,,,,,,,,
OB,,久保 康生,1974,投手,,,,1974,,66,,,,,,,,,,,,,,,,,
OB,,内海 哲也,1998,投手,,,,1998,,42,,,,,,,,,,,,,,,,,
OB,,亀井 善行,1998,外野手,,,,1998,,42,,,,,,,,,,,,,,,,,
OB,,古城 茂幸,1976,内野手,,,,1976,,64,,,,,,,,,,,,,,,,,
OB,,松本 哲也,1984,外野手,,,,1984,,56,,,,,,,,,,,,,,,,,
OB,,森野 将彦,1994,内野手,,,,1994,,46,,,,,,,,,,,,,,,,,
OB,,小池 正晃,1996,外野手,,,,1996,,44,,,,,,,,,,,,,,,,,
OB,,山井 大介,1994,投手,,,,1994,,46,,,,,,,,,,,,,,,,,
OB,,平田 良介,1987,外野手,,,,1987,,53,,,,,,,,,,,,,,,,,
OB,,堂上 直倫,2004,内野手,,,,2004,,36,,,,,,,,,,,,,,,,,
OB,,中村 豊,1973,外野手,,,,1973,,67,,,,,,,,,,,,,,,,,
OB,,高橋 建,1985,投手,,,,1985,,55,,,,,,,,,,,,,,,,,
OB,,東出 輝裕,1996,内野手,,,,1996,,44,,,,,,,,,,,,,,,,,
OB,,高 信二,1983,内野手,,,,1983,,57,,,,,,,,,,,,,,,,,
OB,,小窪 哲也,2001,内野手,,,,2001,,39,,,,,,,,,,,,,,,,,
OB,,野村 祐輔,2005,投手,,,,2005,,35,,,,,,,,,,,,,,,,,
OB,,三好 匠,2009,内野手,,,,2009,,31,,,,,,,,,,,,,,,,,
OB,,赤松 真人,1998,外野手,,,,1998,,42,,,,,,,,,,,,,,,,,
OB,,朝山 東洋,1992,外野手,,,,1992,,48,,,,,,,,,,,,,,,,,
OB,,菊地原 毅,1990,投手,,,,1990,,50,,,,,,,,,,,,,,,,,
OB,,松元 ユウイチ,1996,外野手,,,,1996,,44,,,,,,,,,,,,,,,,,
OB,,寺内 崇幸,1983,内野手,,,,1983,,57,,,,,,,,,,,,,,,,,
OB,,大松 尚逸,1998,外野手,,,,1998,,42,,,,,,,,,,,,,,,,,
OB,,小野寺 力,1980,投手,,,,1980,,60,,,,,,,,,,,,,,,,,
OB,,桑原 義行,1982,外野手,,,,1982,,58,,,,,,,,,,,,,,,,,
OB,,小杉 陽太,2001,投手,,,,2001,,39,,,,,,,,,,,,,,,,,
OB,,田中 浩康,1998,内野手,,,,1998,,42,,,,,,,,,,,,,,,,,
OB,,大原 慎司,2001,投手,,,,2001,,39,,,,,,,,,,,,,,,,,
OB,,馬場 敏史,1980,内野手,,,,1980,,60,,,,,,,,,,,,,,,,,
OB,,北川 博敏,1988,内野手,,,,1988,,52,,,,,,,,,,,,,,,,,
OB,,平田 勝男,1953,内野手,,,,1953,,87,,,,,,,,,,,,,,,,,
OB,,筒井 壮,1990,内野手,,,,1990,,50,,,,,,,,,,,,,,,,,
OB,,藤本 敦士,1993,内野手,,,,1993,,47,,,,,,,,,,,,,,,,,
OB,,小谷野 栄一,1996,内野手,,,,1996,,44,,,,,,,,,,,,,,,,,
OB,,安藤 優也,1993,投手,,,,1993,,47,,,,,,,,,,,,,,,,,
OB,,石井 貴,1971,内野手,,,,1971,,69,,,,,,,,,,,,,,,,,
OB,,森岡 良介,2000,内野手,,,,2000,,40,,,,,,,,,,,,,,,,,
OB,,雄平,2000,外野手,,,,2000,,40,,,,,,,,,,,,,,,,,
OB,,塩川 達也,1998,内野手,,,,1998,,42,,,,,,,,,,,,,,,,,
OB,,川名 慎一,1970,外野手,,,,1970,,70,,,,,,,,,,,,,,,,,
OB,,後藤 武敏,1996,内野手,,,,1996,,44,,,,,,,,,,,,,,,,,
OB,,久保 裕也,1980,投手,,,,1980,,60,,,,,,,,,,,,,,,,,
OB,,代田 建紀,1989,外野手,,,,1989,,51,,,,,,,,,,,,,,,,,
OB,,小関 竜也,1976,外野手,,,,1976,,64,,,,,,,,,,,,,,,,,
OB,,赤田 将吾,1996,外野手,,,,1996,,44,,,,,,,,,,,,,,,,,
OB,,大引 啓次,1984,内野手,,,,1984,,56,,,,,,,,,,,,,,,,,
OB,,熊代 聖人,1989,内野手,,,,1989,,51,,,,,,,,,,,,,,,,,
OB,,小林 宏,1986,投手,,,,1986,,54,,,,,,,,,,,,,,,,,
OB,,波留 敏夫,1986,外野手,,,,1986,,54,,,,,,,,,,,,,,,,,
OB,,髙橋 信二,1978,捕手,,,,1978,,62,,,,,,,,,,,,,,,,,
OB,,比嘉 幹貴,1998,投手,,,,1998,,42,,,,,,,,,,,,,,,,,
OB,,安達 了一,2003,内野手,,,,2003,,37,,,,,,,,,,,,,,,,,
OB,,松井 佑介,1987,外野手,,,,1987,,53,,,,,,,,,,,,,,,,,
OB,,嶋村 一輝,1981,外野手,,,,1981,,59,,,,,,,,,,,,,,,,,
OB,,厚澤 和幸,1972,外野手,,,,1972,,68,,,,,,,,,,,,,,,,,
OB,,堀 幸一,1985,内野手,,,,1985,,55,,,,,,,,,,,,,,,,,
OB,,根元 俊一,1999,内野手,,,,1999,,41,,,,,,,,,,,,,,,,,
OB,,大塚 明,1991,外野手,,,,1991,,49,,,,,,,,,,,,,,,,,
OB,,建山 義紀,1991,投手,,,,1991,,49,,,,,,,,,,,,,,,,,
OB,,大道 典良,1985,外野手,,,,1985,,55,,,,,,,,,,,,,,,,,
OB,,奈良原 浩,1984,内野手,,,,1984,,56,,,,,,,,,,,,,,,,,
OB,,井出 竜也,1987,外野手,,,,1987,,53,,,,,,,,,,,,,,,,,
OB,,的山 哲也,1986,捕手,,,,1986,,54,,,,,,,,,,,,,,,,,
OB,,松山 秀明,1983,内野手,,,,1983,,57,,,,,,,,,,,,,,,,,
OB,,大西 崇之,1987,外野手,,,,1987,,53,,,,,,,,,,,,,,,,,
OB,,倉野 信次,1990,投手,,,,1990,,50,,,,,,,,,,,,,,,,,
OB,,藤本 博史,1979,内野手,,,,1979,,61,,,,,,,,,,,,,,,,,